archetype,hash16,score_final,formula_percent,source,gate_status,gate_reason,material_score,canvas_score,stagekeeper_score,demiurge_score,scene_viability,birth_readiness,containment_integrity,hypothesis_visibility,expert_gate,final_priority,creative_potential,safe_containment,signal_clarity,process_tags,components_json
LAPIS_STAGEKEEPER,25ee89bc34d3eb10,0.86796435,REPRODUCIBLE_SCENE_PROTOCOL=61.86%; LOW_NOISE_MEMORY_FIELD=27.91%; SAFE_CONTAINMENT_MATRIX=6.85%; SIGNAL_CLARITY_GATE=1.95%; CLEAN_CANVAS_SURFACE=1.43%,mutated,PASSED,OK,0.896201,0.948331,0.957997,0.064128,0.923515,0.820478,0.859697,0.928036,0.929123,0.867964,0.647619,0.936301,0.996889,ADSORBENT_CORE CLEAN_CANVAS CONDUCTIVE_TRACE EXPERT_VALIDATION_REQUIRED HYDROGEL_NETWORK LOW_HAZARD_GATE LOW_NOISE_FIELD PHOTOCATALYTIC_SURFACE REPRODUCIBLE_SCENE SAFE_CONTAINMENT SAFE_STAGE SELF_HEALING_LAYER,"{""CLEAN_CANVAS_SURFACE"": 0.014258193542139065, ""LOW_NOISE_MEMORY_FIELD"": 0.2791236575375996, ""REPRODUCIBLE_SCENE_PROTOCOL"": 0.6186035595554783, ""SAFE_CONTAINMENT_MATRIX"": 0.06853561310948011, ""SIGNAL_CLARITY_GATE"": 0.019478976255302923}"
LAPIS_STAGEKEEPER,d1476acc959083c2,0.86687351,REPRODUCIBLE_SCENE_PROTOCOL=60.32%; LOW_NOISE_MEMORY_FIELD=31.68%; SAFE_CONTAINMENT_MATRIX=5.06%; SIGNAL_CLARITY_GATE=1.88%; CLEAN_CANVAS_SURFACE=1.05%,mutated,PASSED,OK,0.895845,0.949346,0.957479,0.069483,0.923118,0.820419,0.857269,0.928377,0.927908,0.866874,0.651999,0.933032,1,ADSORBENT_CORE CLEAN_CANVAS CONDUCTIVE_TRACE EXPERT_VALIDATION_REQUIRED HYDROGEL_NETWORK LOW_HAZARD_GATE LOW_NOISE_FIELD PHOTOCATALYTIC_SURFACE REPRODUCIBLE_SCENE SAFE_CONTAINMENT SAFE_STAGE SELF_HEALING_LAYER,"{""CLEAN_CANVAS_SURFACE"": 0.010528834950791757, ""SIGNAL_CLARITY_GATE"": 0.018811188339408574, ""SAFE_CONTAINMENT_MATRIX"": 0.05060950789792541, ""REPRODUCIBLE_SCENE_PROTOCOL"": 0.6032066787565675, ""LOW_NOISE_MEMORY_FIELD"": 0.3168437900553068}"
LAPIS_CANVAS,8bf6330ccbaa7ed8,0.86235561,REPRODUCIBLE_SCENE_PROTOCOL=61.92%; LOW_NOISE_MEMORY_FIELD=23.52%; CLEAN_CANVAS_SURFACE=6.51%; SIGNAL_CLARITY_GATE=5.22%; SAFE_CONTAINMENT_MATRIX=2.83%,mutated,PASSED,OK,0.885559,0.957234,0.951485,0.057892,0.923921,0.819865,0.849502,0.937462,0.925845,0.862356,0.660536,0.905188,0.998362,ADSORBENT_CORE CLEAN_CANVAS CLOSED_LOOP EXPERT_VALIDATION_REQUIRED LOW_HAZARD_GATE LOW_NOISE_FIELD PHOTOCATALYTIC_SURFACE SAFE_STAGE WORLD_MODEL,"{""CLEAN_CANVAS_SURFACE"": 0.06506494047723523, ""SIGNAL_CLARITY_GATE"": 0.052234641156436404, ""SAFE_CONTAINMENT_MATRIX"": 0.02831907283718401, ""REPRODUCIBLE_SCENE_PROTOCOL"": 0.6191819623907304, ""LOW_NOISE_MEMORY_FIELD"": 0.235199383138414}"
LAPIS_CANVAS,fefb7193ccd6e05b,0.86209518,REPRODUCIBLE_SCENE_PROTOCOL=61.93%; LOW_NOISE_MEMORY_FIELD=22.93%; CLEAN_CANVAS_SURFACE=6.34%; SIGNAL_CLARITY_GATE=6.3%; SAFE_CONTAINMENT_MATRIX=2.5%,mutated,PASSED,OK,0.885457,0.957749,0.950959,0.057057,0.923809,0.819662,0.848375,0.938154,0.925602,0.862095,0.661177,0.901639,0.999122,ADSORBENT_CORE CLEAN_CANVAS EXPERT_VALIDATION_REQUIRED LOW_HAZARD_GATE LOW_NOISE_FIELD PHOTOCATALYTIC_SURFACE SAFE_STAGE,"{""CLEAN_CANVAS_SURFACE"": 0.06343820528165899, ""SIGNAL_CLARITY_GATE"": 0.06297771611825105, ""SAFE_CONTAINMENT_MATRIX"": 0.02499374386848678, ""REPRODUCIBLE_SCENE_PROTOCOL"": 0.619271339890216, ""LOW_NOISE_MEMORY_FIELD"": 0.2293189948413872}"
LAPIS_CANVAS,6176f721ce40a1bd,0.86199147,REPRODUCIBLE_SCENE_PROTOCOL=62.0%; LOW_NOISE_MEMORY_FIELD=22.96%; SIGNAL_CLARITY_GATE=6.31%; CLEAN_CANVAS_SURFACE=5.06%; SAFE_CONTAINMENT_MATRIX=3.67%,mutated,PASSED,OK,0.884253,0.955319,0.951909,0.057095,0.923362,0.819452,0.85042,0.9358,0.926381,0.861991,0.657715,0.906977,0.997461,ADSORBENT_CORE CLEAN_CANVAS EXPERT_VALIDATION_REQUIRED LOW_HAZARD_GATE LOW_NOISE_FIELD PHOTOCATALYTIC_SURFACE SAFE_STAGE,"{""CLEAN_CANVAS_SURFACE"": 0.05063835445589785, ""SIGNAL_CLARITY_GATE"": 0.06305178324154295, ""SAFE_CONTAINMENT_MATRIX"": 0.03672151353010283, ""REPRODUCIBLE_SCENE_PROTOCOL"": 0.6199996553882989, ""LOW_NOISE_MEMORY_FIELD"": 0.22958869338415747}"
LAPIS_CANVAS,b7d5e2c59c17f428,0.86110051,REPRODUCIBLE_SCENE_PROTOCOL=59.8%; LOW_NOISE_MEMORY_FIELD=27.97%; CLEAN_CANVAS_SURFACE=5.43%; SIGNAL_CLARITY_GATE=4.45%; SAFE_CONTAINMENT_MATRIX=2.36%,mutated,PASSED,OK,0.884795,0.955932,0.951708,0.064204,0.922979,0.819569,0.849006,0.935269,0.925107,0.861101,0.662265,0.907115,1,ADSORBENT_CORE CLEAN_CANVAS CLOSED_LOOP EXPERT_VALIDATION_REQUIRED LOW_HAZARD_GATE LOW_NOISE_FIELD PHOTOCATALYTIC_SURFACE SAFE_STAGE SELF_HEALING_LAYER WORLD_MODEL,"{""CLEAN_CANVAS_SURFACE"": 0.05425582233927091, ""SIGNAL_CLARITY_GATE"": 0.044475019037214285, ""SAFE_CONTAINMENT_MATRIX"": 0.023614477680260183, ""REPRODUCIBLE_SCENE_PROTOCOL"": 0.5979951964675451, ""LOW_NOISE_MEMORY_FIELD"": 0.27965948447570954}"
LAPIS_CANVAS,c2a41133446a3d78,0.8604106,REPRODUCIBLE_SCENE_PROTOCOL=61.75%; LOW_NOISE_MEMORY_FIELD=20.97%; SIGNAL_CLARITY_GATE=6.33%; SAFE_CONTAINMENT_MATRIX=5.83%; CLEAN_CANVAS_SURFACE=5.12%,mutated,PASSED,OK,0.882086,0.951822,0.950742,0.054271,0.921792,0.818303,0.852153,0.932452,0.92695,0.860411,0.654151,0.90889,0.989174,ADSORBENT_CORE CLEAN_CANVAS EXPERT_VALIDATION_REQUIRED LOW_HAZARD_GATE LOW_NOISE_FIELD PHOTOCATALYTIC_SURFACE SAFE_STAGE,"{""CLEAN_CANVAS_SURFACE"": 0.05120757006831541, ""SIGNAL_CLARITY_GATE"": 0.06334362490323148, ""SAFE_CONTAINMENT_MATRIX"": 0.058270720327450724, ""REPRODUCIBLE_SCENE_PROTOCOL"": 0.617481677483222, ""LOW_NOISE_MEMORY_FIELD"": 0.2096964072177804}"
LAPIS_CANVAS,8c59da72f47a22ad,0.86012886,REPRODUCIBLE_SCENE_PROTOCOL=60.99%; LOW_NOISE_MEMORY_FIELD=22.2%; CLEAN_CANVAS_SURFACE=6.41%; SAFE_CONTAINMENT_MATRIX=5.66%; SIGNAL_CLARITY_GATE=4.74%,mutated,PASSED,OK,0.88265,0.952359,0.950256,0.056023,0.921759,0.8184,0.851933,0.932489,0.926442,0.860129,0.656175,0.909046,0.9884,ADSORBENT_CORE CLEAN_CANVAS EXPERT_VALIDATION_REQUIRED LOW_HAZARD_GATE LOW_NOISE_FIELD PHOTOCATALYTIC_SURFACE SAFE_STAGE SELF_HEALING_LAYER,"{""CLEAN_CANVAS_SURFACE"": 0.0640822053689445, ""SIGNAL_CLARITY_GATE"": 0.04737107031669458, ""SAFE_CONTAINMENT_MATRIX"": 0.05661648158848047, ""REPRODUCIBLE_SCENE_PROTOCOL"": 0.609892666545821, ""LOW_NOISE_MEMORY_FIELD"": 0.22203757618005954}"
LAPIS_CANVAS,21ffa17fe21656c4,0.85984053,REPRODUCIBLE_SCENE_PROTOCOL=61.72%; LOW_NOISE_MEMORY_FIELD=19.66%; CLEAN_CANVAS_SURFACE=6.64%; SIGNAL_CLARITY_GATE=6.36%; SAFE_CONTAINMENT_MATRIX=5.61%,crossover,PASSED,OK,0.882406,0.952849,0.949096,0.052408,0.921573,0.817992,0.850814,0.933532,0.926436,0.859841,0.656093,0.903923,0.986627,ADSORBENT_CORE CLEAN_CANVAS CLOSED_LOOP EXPERT_VALIDATION_REQUIRED LOW_HAZARD_GATE LOW_NOISE_FIELD PHOTOCATALYTIC_SURFACE SAFE_STAGE,"{""CLEAN_CANVAS_SURFACE"": 0.06644179975660089, ""LOW_NOISE_MEMORY_FIELD"": 0.19657096597112905, ""REPRODUCIBLE_SCENE_PROTOCOL"": 0.6172467887812093, ""SAFE_CONTAINMENT_MATRIX"": 0.056104611299497724, ""SIGNAL_CLARITY_GATE"": 0.06363583419156307}"
LAPIS_CANVAS,56a10c2c2be5bc2f,0.85957434,REPRODUCIBLE_SCENE_PROTOCOL=60.74%; LOW_NOISE_MEMORY_FIELD=22.49%; SAFE_CONTAINMENT_MATRIX=7.42%; SIGNAL_CLARITY_GATE=5.4%; CLEAN_CANVAS_SURFACE=3.95%,mutated,PASSED,OK,0.880397,0.948397,0.951572,0.056431,0.920789,0.817854,0.854551,0.928638,0.927476,0.859574,0.650938,0.915861,0.986648,ADSORBENT_CORE CLEAN_CANVAS EXPERT_VALIDATION_REQUIRED LAMINATED LOW_HAZARD_GATE LOW_NOISE_FIELD PHOTOCATALYTIC_SURFACE SAFE_STAGE,"{""CLEAN_CANVAS_SURFACE"": 0.039486530237059836, ""SIGNAL_CLARITY_GATE"": 0.05404365236802924, ""SAFE_CONTAINMENT_MATRIX"": 0.07419555282752861, ""REPRODUCIBLE_SCENE_PROTOCOL"": 0.6073644465180028, ""LOW_NOISE_MEMORY_FIELD"": 0.22490981804937946}"
LAPIS_STAGEKEEPER,ebf6da43cb6db5a7,0.7727392,SIGNAL_CLARITY_GATE=23.57%; REPRODUCIBLE_SCENE_PROTOCOL=21.2%; SAFE_CONTAINMENT_MATRIX=18.4%; CLEAN_CANVAS_SURFACE=15.83%; LOW_NOISE_MEMORY_FIELD=12.27%; CREATIVE_POTENTIAL_SEED=8.73%,random,PASSED,OK,0.816543,0.873643,0.880262,0.047151,0.855149,0.768557,0.806773,0.85992,0.901873,0.772739,0.7089,0.76314,0.89645,CLEAN_CANVAS EXPERT_VALIDATION_REQUIRED LOW_HAZARD_GATE LOW_NOISE_FIELD REPRODUCIBLE_SCENE SAFE_CONTAINMENT SAFE_STAGE,"{""CLEAN_CANVAS_SURFACE"": 0.15826282766850644, ""SIGNAL_CLARITY_GATE"": 0.23574776255423233, ""SAFE_CONTAINMENT_MATRIX"": 0.18401603160457847, ""REPRODUCIBLE_SCENE_PROTOCOL"": 0.21204108461181825, ""LOW_NOISE_MEMORY_FIELD"": 0.12267816747638548, ""CREATIVE_POTENTIAL_SEED"": 0.08725412608447904}"
LAPIS_LOWHAZARD,f5e32affc2503768,0.36284449,REPRODUCIBLE_SCENE_PROTOCOL=61.37%; SAFE_CONTAINMENT_MATRIX=29.73%; GLYCEROL_SAFE_TOKEN=4.1%; CLAY_PLATELET_BARRIER=2.76%; HYDROXYAPATITE_SAFE=2.03%,mutated,PASSED,OK,0.624619,0.849453,0.916759,0.0245,0.866076,0.778166,0.868676,0.829417,0.930932,0.362844,0.541057,0.906526,0.822216,BIOMINERALIZED EXPERT_VALIDATION_REQUIRED HYDROGEL_NETWORK LOW_HAZARD_GATE RULE_REWRITE SELF_HEALING_LAYER STONE_BODY WORLD_MODEL,"{""CLAY_PLATELET_BARRIER"": 0.027639122038526625, ""GLYCEROL_SAFE_TOKEN"": 0.04099960684405055, ""HYDROXYAPATITE_SAFE"": 0.020321434604295616, ""REPRODUCIBLE_SCENE_PROTOCOL"": 0.6136945923711967, ""SAFE_CONTAINMENT_MATRIX"": 0.2973452441419306}"
LAPIS_LOWHAZARD,d7cb203378d84520,0.36279525,REPRODUCIBLE_SCENE_PROTOCOL=57.39%; SAFE_CONTAINMENT_MATRIX=34.75%; GLYCEROL_SAFE_TOKEN=3.04%; HYDROXYAPATITE_SAFE=2.46%; BACTERIAL_CELLULOSE_MATRIX=2.37%,mutated,PASSED,OK,0.623807,0.84734,0.917294,0.0245,0.865845,0.77822,0.872283,0.826463,0.931731,0.362795,0.543427,0.917158,0.814671,BIOMINERALIZED EXPERT_VALIDATION_REQUIRED HYDROGEL_NETWORK LOW_HAZARD_GATE RULE_REWRITE SELF_HEALING_LAYER STONE_BODY WORLD_MODEL,"{""GLYCEROL_SAFE_TOKEN"": 0.03037039675162764, ""HYDROXYAPATITE_SAFE"": 0.024625390485326026, ""REPRODUCIBLE_SCENE_PROTOCOL"": 0.5738740210550048, ""SAFE_CONTAINMENT_MATRIX"": 0.34745420063163296, ""BACTERIAL_CELLULOSE_MATRIX"": 0.02367599107640848}"
LAPIS_LOWHAZARD,c06f86772a4c0c36,0.35061851,REPRODUCIBLE_SCENE_PROTOCOL=57.69%; SAFE_CONTAINMENT_MATRIX=26.01%; CLEAN_CANVAS_SURFACE=5.97%; GLYCEROL_SAFE_TOKEN=4.65%; HYDROXYAPATITE_SAFE=3.34%; CLAY_PLATELET_BARRIER=2.34%,mutated,PASSED,OK,0.623322,0.846725,0.902519,0.0245,0.858189,0.772304,0.856042,0.827471,0.925319,0.350619,0.547072,0.867212,0.809044,BIOMINERALIZED CLOSED_LOOP EXPERT_VALIDATION_REQUIRED HYDROGEL_NETWORK LOW_HAZARD_GATE RULE_REWRITE SELF_HEALING_LAYER STONE_BODY WORLD_MODEL,"{""CLAY_PLATELET_BARRIER"": 0.023433055669732465, ""GLYCEROL_SAFE_TOKEN"": 0.04652516423991746, ""HYDROXYAPATITE_SAFE"": 0.03335025221436139, ""REPRODUCIBLE_SCENE_PROTOCOL"": 0.5768892426736898, ""SAFE_CONTAINMENT_MATRIX"": 0.2601320860743811, ""CLEAN_CANVAS_SURFACE"": 0.059670199127917926}"
LAPIS_LOWHAZARD,7adaddf21f29ac6f,0.34974811,REPRODUCIBLE_SCENE_PROTOCOL=59.12%; SAFE_CONTAINMENT_MATRIX=30.13%; GLYCEROL_SAFE_TOKEN=5.53%; HYDROXYAPATITE_SAFE=3.81%; CLAY_PLATELET_BARRIER=1.41%,mutated,PASSED,OK,0.624953,0.83518,0.908605,0.0245,0.855669,0.770568,0.864494,0.814396,0.928978,0.349748,0.529238,0.890387,0.801861,BIOMINERALIZED CLOSED_LOOP EXPERT_VALIDATION_REQUIRED HYDROGEL_NETWORK LOW_HAZARD_GATE RULE_REWRITE SELF_HEALING_LAYER STONE_BODY WORLD_MODEL,"{""CLAY_PLATELET_BARRIER"": 0.014114470649909484, ""GLYCEROL_SAFE_TOKEN"": 0.05527709393093669, ""HYDROXYAPATITE_SAFE"": 0.03811750895708727, ""REPRODUCIBLE_SCENE_PROTOCOL"": 0.5911579692053122, ""SAFE_CONTAINMENT_MATRIX"": 0.3013329572567545}"
LAPIS_LOWHAZARD,226c63d42f9059fb,0.34576941,REPRODUCIBLE_SCENE_PROTOCOL=51.35%; SAFE_CONTAINMENT_MATRIX=39.19%; GLYCEROL_SAFE_TOKEN=5.7%; CLAY_PLATELET_BARRIER=1.92%; HYDROXYAPATITE_SAFE=1.84%,mutated,PASSED,OK,0.623945,0.827385,0.905986,0.0245,0.851977,0.768305,0.8692,0.805338,0.929211,0.345769,0.529958,0.899921,0.782367,BIOMINERALIZED CLOSED_LOOP EXPERT_VALIDATION_REQUIRED HYDROGEL_NETWORK LOW_HAZARD_GATE RULE_REWRITE SELF_HEALING_LAYER STONE_BODY WORLD_MODEL,"{""CLAY_PLATELET_BARRIER"": 0.01921622719526188, ""GLYCEROL_SAFE_TOKEN"": 0.057002606302191186, ""HYDROXYAPATITE_SAFE"": 0.01844523285407341, ""REPRODUCIBLE_SCENE_PROTOCOL"": 0.5134586146072011, ""SAFE_CONTAINMENT_MATRIX"": 0.39187731904127243}"
LAPIS_PURIFIER,975d3f592a52a6b9,0.27534262,REPRODUCIBLE_SCENE_PROTOCOL=61.64%; CLEAN_CANVAS_SURFACE=25.08%; SIGNAL_CLARITY_GATE=4.89%; ALGINATE_HYDROGEL=4.35%; BIOBASED_ION_EXCHANGE_TOKEN=4.04%,mutated,PASSED,OK,0.477423,0.904385,0.89115,0.0245,0.87505,0.781825,0.815158,0.889508,0.908962,0.275343,0.624024,0.784109,0.881339,ADSORBENT_CORE BIOMINERALIZED CLOSED_LOOP EXPERT_VALIDATION_REQUIRED LAMINATED LOW_HAZARD_GATE PHOTOCATALYTIC_SURFACE RULE_REWRITE SELF_HEALING_LAYER WORLD_MODEL,"{""ALGINATE_HYDROGEL"": 0.043535393502528885, ""BIOBASED_ION_EXCHANGE_TOKEN"": 0.04035080612677714, ""REPRODUCIBLE_SCENE_PROTOCOL"": 0.6163675286091217, ""SIGNAL_CLARITY_GATE"": 0.04894626675800944, ""CLEAN_CANVAS_SURFACE"": 0.2508000050035629}"
LAPIS_PURIFIER,8ee72512451434d7,0.27440752,REPRODUCIBLE_SCENE_PROTOCOL=61.91%; CLEAN_CANVAS_SURFACE=25.19%; BIOBASED_ION_EXCHANGE_TOKEN=4.47%; ALGINATE_HYDROGEL=4.37%; SIGNAL_CLARITY_GATE=4.06%,mutated,PASSED,OK,0.478365,0.902149,0.889404,0.0245,0.873423,0.780679,0.814792,0.887345,0.908391,0.274408,0.620415,0.783262,0.876973,ADSORBENT_CORE BIOMINERALIZED CLOSED_LOOP EXPERT_VALIDATION_REQUIRED LAMINATED LOW_HAZARD_GATE PHOTOCATALYTIC_SURFACE SELF_HEALING_LAYER WORLD_MODEL,"{""ALGINATE_HYDROGEL"": 0.043726522436699014, ""BIOBASED_ION_EXCHANGE_TOKEN"": 0.04471654477855907, ""REPRODUCIBLE_SCENE_PROTOCOL"": 0.6190735032040979, ""SIGNAL_CLARITY_GATE"": 0.04058236326145497, ""CLEAN_CANVAS_SURFACE"": 0.251901066319189}"
LAPIS_PURIFIER,55610abfb80c65d3,0.2716327,REPRODUCIBLE_SCENE_PROTOCOL=61.89%; CLEAN_CANVAS_SURFACE=22.72%; SIGNAL_CLARITY_GATE=6.01%; BIOBASED_ION_EXCHANGE_TOKEN=5.01%; ALGINATE_HYDROGEL=4.37%,mutated,PASSED,OK,0.478784,0.896726,0.88697,0.0245,0.870062,0.77827,0.813259,0.883295,0.90773,0.271633,0.614509,0.779514,0.875283,ADSORBENT_CORE BIOMINERALIZED CLOSED_LOOP EXPERT_VALIDATION_REQUIRED LAMINATED LOW_HAZARD_GATE PHOTOCATALYTIC_SURFACE SELF_HEALING_LAYER WORLD_MODEL,"{""ALGINATE_HYDROGEL"": 0.043714153291381466, ""BIOBASED_ION_EXCHANGE_TOKEN"": 0.05007335288690121, ""REPRODUCIBLE_SCENE_PROTOCOL"": 0.6188983827120795, ""SIGNAL_CLARITY_GATE"": 0.06006799453421084, ""CLEAN_CANVAS_SURFACE"": 0.22724611657542695}"
LAPIS_PURIFIER,b89bc192b7e7e54c,0.26923441,REPRODUCIBLE_SCENE_PROTOCOL=61.0%; CLEAN_CANVAS_SURFACE=23.7%; SIGNAL_CLARITY_GATE=5.54%; ALGINATE_HYDROGEL=4.92%; BIOBASED_ION_EXCHANGE_TOKEN=4.85%,mutated,PASSED,OK,0.478669,0.893007,0.88341,0.0245,0.867253,0.77644,0.811967,0.880628,0.907024,0.269234,0.613479,0.774479,0.869651,ADSORBENT_CORE BIOMINERALIZED CLOSED_LOOP EXPERT_VALIDATION_REQUIRED LAMINATED LOW_HAZARD_GATE PHOTOCATALYTIC_SURFACE SELF_HEALING_LAYER WORLD_MODEL,"{""ALGINATE_HYDROGEL"": 0.04919844478843128, ""BIOBASED_ION_EXCHANGE_TOKEN"": 0.04847982219411803, ""REPRODUCIBLE_SCENE_PROTOCOL"": 0.6099672533693912, ""SIGNAL_CLARITY_GATE"": 0.055387012105972785, ""CLEAN_CANVAS_SURFACE"": 0.2369674675420868}"
LAPIS_PURIFIER,4cfe0062468e09dc,0.26647023,REPRODUCIBLE_SCENE_PROTOCOL=60.52%; CLEAN_CANVAS_SURFACE=24.62%; BIOBASED_ION_EXCHANGE_TOKEN=6.02%; SIGNAL_CLARITY_GATE=4.56%; ALGINATE_HYDROGEL=4.27%,mutated,PASSED,OK,0.480998,0.888683,0.879258,0.0245,0.863353,0.773428,0.809319,0.876152,0.904936,0.26647,0.610882,0.768653,0.862988,ADSORBENT_CORE BIOMINERALIZED CLOSED_LOOP EXPERT_VALIDATION_REQUIRED LAMINATED LOW_HAZARD_GATE PHOTOCATALYTIC_SURFACE RULE_REWRITE SELF_HEALING_LAYER WORLD_MODEL,"{""ALGINATE_HYDROGEL"": 0.042745482332370056, ""BIOBASED_ION_EXCHANGE_TOKEN"": 0.06022125035618826, ""REPRODUCIBLE_SCENE_PROTOCOL"": 0.6051840855160151, ""SIGNAL_CLARITY_GATE"": 0.045599720831776804, ""CLEAN_CANVAS_SURFACE"": 0.24624946096364983}"
LAPIS_PURIFIER,25fd7c467faa65d4,0.2664195,REPRODUCIBLE_SCENE_PROTOCOL=61.62%; CLEAN_CANVAS_SURFACE=23.38%; ALGINATE_HYDROGEL=6.0%; BIOBASED_ION_EXCHANGE_TOKEN=4.54%; SIGNAL_CLARITY_GATE=4.46%,mutated,PASSED,OK,0.477673,0.886911,0.881488,0.0245,0.864114,0.774414,0.812464,0.875593,0.907314,0.26642,0.606756,0.775542,0.863035,ADSORBENT_CORE BIOMINERALIZED CLOSED_LOOP EXPERT_VALIDATION_REQUIRED LAMINATED LOW_HAZARD_GATE PHOTOCATALYTIC_SURFACE SELF_HEALING_LAYER WORLD_MODEL,"{""ALGINATE_HYDROGEL"": 0.06001360942324392, ""BIOBASED_ION_EXCHANGE_TOKEN"": 0.04540221035114556, ""REPRODUCIBLE_SCENE_PROTOCOL"": 0.6161877445106015, ""SIGNAL_CLARITY_GATE"": 0.04456249447376548, ""CLEAN_CANVAS_SURFACE"": 0.23383394124124351}"
LAPIS_PURIFIER,e0bcac599b95504f,0.26602932,REPRODUCIBLE_SCENE_PROTOCOL=59.91%; CLEAN_CANVAS_SURFACE=23.9%; SIGNAL_CLARITY_GATE=5.99%; BIOBASED_ION_EXCHANGE_TOKEN=5.55%; ALGINATE_HYDROGEL=4.65%,mutated,PASSED,OK,0.479956,0.888309,0.878839,0.0245,0.863232,0.773492,0.808989,0.876791,0.905236,0.266029,0.611761,0.766495,0.864597,ADSORBENT_CORE BIOMINERALIZED CLOSED_LOOP EXPERT_VALIDATION_REQUIRED LAMINATED LOW_HAZARD_GATE PHOTOCATALYTIC_SURFACE SELF_HEALING_LAYER WORLD_MODEL,"{""ALGINATE_HYDROGEL"": 0.046453152376717995, ""BIOBASED_ION_EXCHANGE_TOKEN"": 0.055521342834367285, ""REPRODUCIBLE_SCENE_PROTOCOL"": 0.5991237234150074, ""SIGNAL_CLARITY_GATE"": 0.059936935708844334, ""CLEAN_CANVAS_SURFACE"": 0.23896484566506299}"
LAPIS_PURIFIER,3a3c1b0fb2850831,0.26342824,REPRODUCIBLE_SCENE_PROTOCOL=60.81%; CLEAN_CANVAS_SURFACE=22.38%; ALGINATE_HYDROGEL=5.88%; SIGNAL_CLARITY_GATE=5.82%; BIOBASED_ION_EXCHANGE_TOKEN=5.1%,mutated,PASSED,OK,0.478635,0.881651,0.877669,0.0245,0.860263,0.771653,0.810139,0.87159,0.906056,0.263428,0.603674,0.768689,0.859729,ADSORBENT_CORE BIOMINERALIZED CLOSED_LOOP EXPERT_VALIDATION_REQUIRED LAMINATED LOW_HAZARD_GATE PHOTOCATALYTIC_SURFACE SELF_HEALING_LAYER WORLD_MODEL,"{""ALGINATE_HYDROGEL"": 0.05883207479427546, ""BIOBASED_ION_EXCHANGE_TOKEN"": 0.05097973031050856, ""REPRODUCIBLE_SCENE_PROTOCOL"": 0.6081029437220993, ""SIGNAL_CLARITY_GATE"": 0.05824309603614737, ""CLEAN_CANVAS_SURFACE"": 0.22384215513696942}"
LAPIS_PURIFIER,d71ccdf7c3f3635a,0.2612844,REPRODUCIBLE_SCENE_PROTOCOL=59.93%; CLEAN_CANVAS_SURFACE=23.98%; BIOBASED_ION_EXCHANGE_TOKEN=5.71%; ALGINATE_HYDROGEL=5.67%; SIGNAL_CLARITY_GATE=4.71%,crossover,PASSED,OK,0.48032,0.878308,0.873519,0.0245,0.857083,0.769346,0.808086,0.86842,0.904425,0.261284,0.603019,0.762531,0.853095,ADSORBENT_CORE BIOMINERALIZED CLOSED_LOOP EXPERT_VALIDATION_REQUIRED LAMINATED LOW_HAZARD_GATE PHOTOCATALYTIC_SURFACE SELF_HEALING_LAYER WORLD_MODEL,"{""ALGINATE_HYDROGEL"": 0.05671274236517674, ""BIOBASED_ION_EXCHANGE_TOKEN"": 0.05713411111331095, ""CLEAN_CANVAS_SURFACE"": 0.2397890848762555, ""REPRODUCIBLE_SCENE_PROTOCOL"": 0.5993089024857758, ""SIGNAL_CLARITY_GATE"": 0.04705515915948105}"
LAPIS_PURIFIER,36ed50542c676866,0.26117635,REPRODUCIBLE_SCENE_PROTOCOL=59.52%; CLEAN_CANVAS_SURFACE=23.74%; ALGINATE_HYDROGEL=5.75%; BIOBASED_ION_EXCHANGE_TOKEN=5.52%; SIGNAL_CLARITY_GATE=5.47%,mutated,PASSED,OK,0.479812,0.878696,0.873375,0.0245,0.857242,0.769498,0.807688,0.869207,0.904467,0.261176,0.604215,0.761144,0.854347,ADSORBENT_CORE BIOMINERALIZED CLOSED_LOOP EXPERT_VALIDATION_REQUIRED LAMINATED LOW_HAZARD_GATE PHOTOCATALYTIC_SURFACE SELF_HEALING_LAYER WORLD_MODEL,"{""ALGINATE_HYDROGEL"": 0.057473470886417466, ""BIOBASED_ION_EXCHANGE_TOKEN"": 0.05516131543817069, ""REPRODUCIBLE_SCENE_PROTOCOL"": 0.5952387137389231, ""SIGNAL_CLARITY_GATE"": 0.054711218579046594, ""CLEAN_CANVAS_SURFACE"": 0.23741528135744216}"
LAPIS_PURIFIER,435307681ffc023e,0.25978866,REPRODUCIBLE_SCENE_PROTOCOL=58.86%; CLEAN_CANVAS_SURFACE=23.63%; SIGNAL_CLARITY_GATE=6.12%; ALGINATE_HYDROGEL=5.76%; BIOBASED_ION_EXCHANGE_TOKEN=5.64%,crossover,PASSED,OK,0.480014,0.876718,0.871351,0.0245,0.855589,0.768342,0.806373,0.867912,0.903835,0.259789,0.603926,0.757101,0.852807,ADSORBENT_CORE BIOMINERALIZED CLOSED_LOOP EXPERT_VALIDATION_REQUIRED LAMINATED LOW_HAZARD_GATE PHOTOCATALYTIC_SURFACE SELF_HEALING_LAYER WORLD_MODEL,"{""ALGINATE_HYDROGEL"": 0.05758514054907807, ""BIOBASED_ION_EXCHANGE_TOKEN"": 0.05640073533766984, ""CLEAN_CANVAS_SURFACE"": 0.2362828062584461, ""REPRODUCIBLE_SCENE_PROTOCOL"": 0.5885555578564015, ""SIGNAL_CLARITY_GATE"": 0.06117575999840461}"
LAPIS_PURIFIER,f243711e38eee26e,0.25807109,REPRODUCIBLE_SCENE_PROTOCOL=59.57%; CLEAN_CANVAS_SURFACE=22.47%; BIOBASED_ION_EXCHANGE_TOKEN=6.07%; ALGINATE_HYDROGEL=5.76%; SIGNAL_CLARITY_GATE=5.7%; CREATIVE_POTENTIAL_SEED=0.43%,crossover,PASSED,OK,0.48024,0.872742,0.870918,0.024748,0.853526,0.76678,0.806621,0.863823,0.903586,0.258071,0.600022,0.759292,0.85033,ADSORBENT_CORE BIOMINERALIZED CLOSED_LOOP EXPERT_VALIDATION_REQUIRED LAMINATED LOW_HAZARD_GATE PHOTOCATALYTIC_SURFACE SELF_HEALING_LAYER WORLD_MODEL,"{""ALGINATE_HYDROGEL"": 0.057582084114494794, ""BIOBASED_ION_EXCHANGE_TOKEN"": 0.060673514323098615, ""CLEAN_CANVAS_SURFACE"": 0.22466195846991788, ""CREATIVE_POTENTIAL_SEED"": 0.004346101160302432, ""REPRODUCIBLE_SCENE_PROTOCOL"": 0.5957032004616131, ""SIGNAL_CLARITY_GATE"": 0.05703314147057319}"
LAPIS_PURIFIER,d0624b83ed631860,0.25657065,REPRODUCIBLE_SCENE_PROTOCOL=58.63%; CLEAN_CANVAS_SURFACE=23.86%; ALGINATE_HYDROGEL=5.8%; BIOBASED_ION_EXCHANGE_TOKEN=5.23%; SIGNAL_CLARITY_GATE=4.88%; BIOCHAR_SAFE=1.6%,crossover,PASSED,OK,0.48437,0.867002,0.865866,0.0245,0.849115,0.763785,0.80468,0.858911,0.902593,0.256571,0.59522,0.749953,0.840468,ADSORBENT_CORE BIOMINERALIZED CLOSED_LOOP EXPERT_VALIDATION_REQUIRED LAMINATED LOW_HAZARD_GATE PHOTOCATALYTIC_SURFACE SELF_HEALING_LAYER WORLD_MODEL,"{""ALGINATE_HYDROGEL"": 0.05804914992416084, ""BIOBASED_ION_EXCHANGE_TOKEN"": 0.05232985838060263, ""BIOCHAR_SAFE"": 0.015986319992215305, ""CLEAN_CANVAS_SURFACE"": 0.238560984002711, ""REPRODUCIBLE_SCENE_PROTOCOL"": 0.5862888405054947, ""SIGNAL_CLARITY_GATE"": 0.048784847194815524}"
LAPIS_PURIFIER,585571b17febc023,0.25449962,REPRODUCIBLE_SCENE_PROTOCOL=57.21%; CLEAN_CANVAS_SURFACE=23.28%; ACTIVATED_CARBON_SAFE=7.19%; SIGNAL_CLARITY_GATE=4.54%; ALGINATE_HYDROGEL=4.04%; BIOBASED_ION_EXCHANGE_TOKEN=3.75%,mutated,PASSED,OK,0.501521,0.848337,0.855564,0.0245,0.836428,0.754867,0.800095,0.841716,0.900872,0.2545,0.579176,0.727756,0.817998,ADSORBENT_CORE BIOMINERALIZED CLOSED_LOOP EXPERT_VALIDATION_REQUIRED LAMINATED LOW_HAZARD_GATE PHOTOCATALYTIC_SURFACE RULE_REWRITE SELF_HEALING_LAYER WORLD_MODEL,"{""ALGINATE_HYDROGEL"": 0.04040653126583867, ""BIOBASED_ION_EXCHANGE_TOKEN"": 0.03745081824673772, ""REPRODUCIBLE_SCENE_PROTOCOL"": 0.572069569430801, ""SIGNAL_CLARITY_GATE"": 0.045428528353343246, ""CLEAN_CANVAS_SURFACE"": 0.2327751612733281, ""ACTIVATED_CARBON_SAFE"": 0.07186939142995134}"
LAPIS_PURIFIER,996fecd36e42b160,0.25200113,REPRODUCIBLE_SCENE_PROTOCOL=58.62%; CLEAN_CANVAS_SURFACE=21.58%; ALGINATE_HYDROGEL=5.67%; SIGNAL_CLARITY_GATE=5.61%; BIOBASED_ION_EXCHANGE_TOKEN=4.91%; BIOCHAR_SAFE=3.6%,mutated,PASSED,OK,0.48956,0.853478,0.859732,0.0245,0.840599,0.757716,0.802253,0.846933,0.901254,0.252001,0.581916,0.740983,0.828741,ADSORBENT_CORE BIOMINERALIZED CLOSED_LOOP EXPERT_VALIDATION_REQUIRED LAMINATED LOW_HAZARD_GATE PHOTOCATALYTIC_SURFACE SELF_HEALING_LAYER WORLD_MODEL,"{""ALGINATE_HYDROGEL"": 0.056711556865518625, ""BIOBASED_ION_EXCHANGE_TOKEN"": 0.049142238899494435, ""REPRODUCIBLE_SCENE_PROTOCOL"": 0.5861847435022085, ""SIGNAL_CLARITY_GATE"": 0.056143807003713415, ""CLEAN_CANVAS_SURFACE"": 0.21577408504358392, ""BIOCHAR_SAFE"": 0.03604356868548111}"
LAPIS_PURIFIER,a312cb550cf658f9,0.25095501,REPRODUCIBLE_SCENE_PROTOCOL=60.98%; CLEAN_CANVAS_SURFACE=18.66%; BIOCHAR_SAFE=5.73%; BIOBASED_ION_EXCHANGE_TOKEN=4.93%; ALGINATE_HYDROGEL=4.86%; SIGNAL_CLARITY_GATE=4.84%,mutated,PASSED,OK,0.495689,0.844291,0.859323,0.0245,0.835895,0.754089,0.803061,0.836907,0.901175,0.250955,0.566918,0.74353,0.821504,ADSORBENT_CORE BIOMINERALIZED CLOSED_LOOP EXPERT_VALIDATION_REQUIRED LAMINATED LOW_HAZARD_GATE PHOTOCATALYTIC_SURFACE SELF_HEALING_LAYER WORLD_MODEL,"{""ALGINATE_HYDROGEL"": 0.04855096029802238, ""BIOBASED_ION_EXCHANGE_TOKEN"": 0.0493396068387113, ""REPRODUCIBLE_SCENE_PROTOCOL"": 0.6098294025786379, ""SIGNAL_CLARITY_GATE"": 0.04842706864011429, ""CLEAN_CANVAS_SURFACE"": 0.18657042147440514, ""BIOCHAR_SAFE"": 0.05728254017010897}"
LAPIS_STONE,5ca0115a59f2fcc1,0.23741335,REPRODUCIBLE_SCENE_PROTOCOL=60.51%; CLEAN_CANVAS_SURFACE=25.46%; SAFE_CONTAINMENT_MATRIX=7.8%; CHITOSAN_BINDER=4.17%; MAGNESIUM_PHOSPHATE_SAFE=2.06%,mutated,PASSED,OK,0.393334,0.912668,0.906706,0.0245,0.886099,0.790396,0.83364,0.891383,0.916682,0.237413,0.62603,0.824953,0.877417,EXPERT_VALIDATION_REQUIRED HYDROGEL_NETWORK LAMINATED LOW_HAZARD_GATE PHOTOCATALYTIC_SURFACE SELF_HEALING_LAYER STONE_BODY WORLD_MODEL,"{""CHITOSAN_BINDER"": 0.04174710175842174, ""MAGNESIUM_PHOSPHATE_SAFE"": 0.02058337069483405, ""REPRODUCIBLE_SCENE_PROTOCOL"": 0.6050587231243142, ""CLEAN_CANVAS_SURFACE"": 0.25458589474944177, ""SAFE_CONTAINMENT_MATRIX"": 0.0780249096729883}"
LAPIS_HEALER,8bb1445d5e1ed101,0.23711344,REPRODUCIBLE_SCENE_PROTOCOL=61.04%; LOW_NOISE_MEMORY_FIELD=17.84%; SAFE_CONTAINMENT_MATRIX=17.12%; BACTERIAL_CELLULOSE_MATRIX=3.13%; GELATIN_COLLAGEN_TOKEN=0.87%,mutated,PASSED,OK,0.371397,0.904915,0.941464,0.04983,0.89868,0.80228,0.864648,0.883695,0.92976,0.237113,0.59934,0.931798,0.92113,ADSORBENT_CORE ANIMA_BIO BIOMINERALIZED CLOSED_LOOP CONDUCTIVE_TRACE EXPERT_VALIDATION_REQUIRED HYDROGEL_NETWORK LAMINATED LOW_HAZARD_GATE PHOTOCATALYTIC_SURFACE RULE_REWRITE SELF_HEALING_LAYER,"{""GELATIN_COLLAGEN_TOKEN"": 0.008670551288454228, ""SAFE_CONTAINMENT_MATRIX"": 0.17118501878745057, ""LOW_NOISE_MEMORY_FIELD"": 0.17841203954873142, ""BACTERIAL_CELLULOSE_MATRIX"": 0.03134055719594683, ""REPRODUCIBLE_SCENE_PROTOCOL"": 0.610391833179417}"
LAPIS_HEALER,bb6db722f56db19b,0.2369316,REPRODUCIBLE_SCENE_PROTOCOL=61.86%; SAFE_CONTAINMENT_MATRIX=20.15%; LOW_NOISE_MEMORY_FIELD=13.91%; BACTERIAL_CELLULOSE_MATRIX=2.89%; GELATIN_COLLAGEN_TOKEN=1.19%,mutated,PASSED,OK,0.372088,0.899837,0.940199,0.044252,0.89671,0.800741,0.867674,0.87913,0.930927,0.236932,0.592534,0.936274,0.908686,ADSORBENT_CORE ANIMA_BIO BIOMINERALIZED CLOSED_LOOP CONDUCTIVE_TRACE EXPERT_VALIDATION_REQUIRED HYDROGEL_NETWORK LAMINATED LOW_HAZARD_GATE PHOTOCATALYTIC_SURFACE RULE_REWRITE SELF_HEALING_LAYER,"{""GELATIN_COLLAGEN_TOKEN"": 0.011875957009689825, ""SAFE_CONTAINMENT_MATRIX"": 0.20151029312942795, ""LOW_NOISE_MEMORY_FIELD"": 0.13912624665253745, ""BACTERIAL_CELLULOSE_MATRIX"": 0.02886215852978206, ""REPRODUCIBLE_SCENE_PROTOCOL"": 0.6186253446785628}"
LAPIS_STONE,a8fcc62165271cac,0.23414097,REPRODUCIBLE_SCENE_PROTOCOL=60.48%; CLEAN_CANVAS_SURFACE=30.28%; CHITOSAN_BINDER=4.21%; SAFE_CONTAINMENT_MATRIX=3.34%; MAGNESIUM_PHOSPHATE_SAFE=1.68%,mutated,PASSED,OK,0.390421,0.916107,0.903488,0.0245,0.885591,0.789652,0.826529,0.896239,0.914176,0.234141,0.641329,0.807972,0.887264,EXPERT_VALIDATION_REQUIRED HYDROGEL_NETWORK LAMINATED LOW_HAZARD_GATE PHOTOCATALYTIC_SURFACE SELF_HEALING_LAYER STONE_BODY WORLD_MODEL,"{""CHITOSAN_BINDER"": 0.04213289511106498, ""MAGNESIUM_PHOSPHATE_SAFE"": 0.016844530320454937, ""REPRODUCIBLE_SCENE_PROTOCOL"": 0.6048252800152337, ""CLEAN_CANVAS_SURFACE"": 0.30282550408684766, ""SAFE_CONTAINMENT_MATRIX"": 0.03337179046639869}"
LAPIS_DEMIURGE,30ef42fee4d8b3e9,0.2317753,LOW_NOISE_MEMORY_FIELD=39.76%; ACTIVE_LEARNING_AUTOLAB=20.67%; GPT_TRANSFORMER_ENGINE=20.29%; REPRODUCIBLE_SCENE_PROTOCOL=9.12%; KNOWLEDGE_GRAPH_MEMORY=5.87%; EXPERT_REVIEW_GATE=4.28%,mutated,PASSED,OK,0.482332,0.489011,0.649027,0.502352,0.57259,0.611581,0.589644,0.562679,0.836642,0.231775,0.375915,0.449362,0.506569,ADSORBENT_CORE BIOMINERALIZED CLOSED_LOOP DEMIURGE_LAYER EXPERT_VALIDATION_REQUIRED HYDROGEL_NETWORK LAMINATED LOW_HAZARD_GATE PHOTOCATALYTIC_SURFACE RULE_REWRITE SELF_HEALING_LAYER,"{""ACTIVE_LEARNING_AUTOLAB"": 0.20671308586667672, ""EXPERT_REVIEW_GATE"": 0.042840309576698585, ""GPT_TRANSFORMER_ENGINE"": 0.2029103645265044, ""KNOWLEDGE_GRAPH_MEMORY"": 0.05869546444742107, ""REPRODUCIBLE_SCENE_PROTOCOL"": 0.09124875801986539, ""LOW_NOISE_MEMORY_FIELD"": 0.39759201756283385}"
LAPIS_DEMIURGE,feb6297ba8c49e2c,0.23149382,ACTIVE_LEARNING_AUTOLAB=31.6%; LOW_NOISE_MEMORY_FIELD=30.61%; REPRODUCIBLE_SCENE_PROTOCOL=19.81%; GPT_TRANSFORMER_ENGINE=14.01%; EXPERT_REVIEW_GATE=3.98%,mutated,PASSED,OK,0.471261,0.510048,0.670986,0.48596,0.590434,0.621919,0.60603,0.574673,0.84166,0.231494,0.393751,0.497995,0.520368,ADSORBENT_CORE BIOMINERALIZED CLOSED_LOOP CONDUCTIVE_TRACE DEMIURGE_LAYER EXPERT_VALIDATION_REQUIRED HYDROGEL_NETWORK LAMINATED LOW_HAZARD_GATE PHOTOCATALYTIC_SURFACE RULE_REWRITE SELF_HEALING_LAYER,"{""ACTIVE_LEARNING_AUTOLAB"": 0.3159985993384969, ""EXPERT_REVIEW_GATE"": 0.03978227575984039, ""GPT_TRANSFORMER_ENGINE"": 0.14005660989318242, ""REPRODUCIBLE_SCENE_PROTOCOL"": 0.1980531311575766, ""LOW_NOISE_MEMORY_FIELD"": 0.30610938385090364}"
LAPIS_DEMIURGE,420532a117f36635,0.23123946,LOW_NOISE_MEMORY_FIELD=34.28%; ACTIVE_LEARNING_AUTOLAB=32.23%; REPRODUCIBLE_SCENE_PROTOCOL=13.8%; GPT_TRANSFORMER_ENGINE=13.66%; EXPERT_REVIEW_GATE=6.04%,mutated,PASSED,OK,0.487531,0.485194,0.651454,0.505037,0.571012,0.610228,0.590467,0.556933,0.836621,0.231239,0.383961,0.461678,0.497304,ADSORBENT_CORE BIOMINERALIZED CLOSED_LOOP CONDUCTIVE_TRACE DEMIURGE_LAYER EXPERT_VALIDATION_REQUIRED HYDROGEL_NETWORK LAMINATED LOW_HAZARD_GATE PHOTOCATALYTIC_SURFACE RULE_REWRITE SELF_HEALING_LAYER,"{""ACTIVE_LEARNING_AUTOLAB"": 0.322256518661922, ""EXPERT_REVIEW_GATE"": 0.06036099441748153, ""GPT_TRANSFORMER_ENGINE"": 0.1365515795011254, ""REPRODUCIBLE_SCENE_PROTOCOL"": 0.1379849679501207, ""LOW_NOISE_MEMORY_FIELD"": 0.34284593946935044}"
LAPIS_DEMIURGE,e6a261e6c45dd88a,0.23122064,LOW_NOISE_MEMORY_FIELD=46.05%; ACTIVE_LEARNING_AUTOLAB=22.8%; GPT_TRANSFORMER_ENGINE=12.13%; REPRODUCIBLE_SCENE_PROTOCOL=11.31%; KNOWLEDGE_GRAPH_MEMORY=4.55%; EXPERT_REVIEW_GATE=3.17%,mutated,PASSED,OK,0.429364,0.56416,0.694748,0.444602,0.628149,0.645615,0.629593,0.624098,0.847831,0.231221,0.438131,0.525961,0.594246,ADSORBENT_CORE BIOMINERALIZED CLOSED_LOOP DEMIURGE_LAYER EXPERT_VALIDATION_REQUIRED HYDROGEL_NETWORK LAMINATED LOW_HAZARD_GATE PHOTOCATALYTIC_SURFACE RULE_REWRITE SELF_HEALING_LAYER,"{""ACTIVE_LEARNING_AUTOLAB"": 0.22796141884767732, ""EXPERT_REVIEW_GATE"": 0.031744262045402726, ""GPT_TRANSFORMER_ENGINE"": 0.1212630556344335, ""KNOWLEDGE_GRAPH_MEMORY"": 0.045466243027894614, ""REPRODUCIBLE_SCENE_PROTOCOL"": 0.11309399931668995, ""LOW_NOISE_MEMORY_FIELD"": 0.46047102112790184}"
LAPIS_STONE,de4ad9c4155102f3,0.23043345,REPRODUCIBLE_SCENE_PROTOCOL=55.91%; CLEAN_CANVAS_SURFACE=27.99%; LOW_NOISE_MEMORY_FIELD=7.17%; CHITOSAN_BINDER=4.13%; MAGNESIUM_PHOSPHATE_SAFE=3.19%; SAFE_CONTAINMENT_MATRIX=1.61%,crossover,PASSED,OK,0.393687,0.905739,0.891943,0.034675,0.877664,0.785592,0.821229,0.891745,0.910671,0.230433,0.63649,0.793375,0.884996,EXPERT_VALIDATION_REQUIRED HYDROGEL_NETWORK LAMINATED LOW_HAZARD_GATE PHOTOCATALYTIC_SURFACE SELF_HEALING_LAYER STONE_BODY WORLD_MODEL,"{""CHITOSAN_BINDER"": 0.04129978077381891, ""CLEAN_CANVAS_SURFACE"": 0.27992695206969487, ""LOW_NOISE_MEMORY_FIELD"": 0.07166783259228572, ""MAGNESIUM_PHOSPHATE_SAFE"": 0.03188051950683435, ""REPRODUCIBLE_SCENE_PROTOCOL"": 0.5590906145104886, ""SAFE_CONTAINMENT_MATRIX"": 0.016134300546877665}"
LAPIS_STONE,169faeff527aa4df,0.23033873,REPRODUCIBLE_SCENE_PROTOCOL=59.32%; CLEAN_CANVAS_SURFACE=27.03%; CHITOSAN_BINDER=5.74%; SAFE_CONTAINMENT_MATRIX=5.01%; MAGNESIUM_PHOSPHATE_SAFE=2.91%,mutated,PASSED,OK,0.397392,0.896623,0.890097,0.0245,0.873326,0.78188,0.82509,0.881492,0.912539,0.230339,0.616445,0.797536,0.859727,CONDUCTIVE_TRACE EXPERT_VALIDATION_REQUIRED HYDROGEL_NETWORK LAMINATED LOW_HAZARD_GATE PHOTOCATALYTIC_SURFACE SELF_HEALING_LAYER STONE_BODY WORLD_MODEL,"{""CHITOSAN_BINDER"": 0.05737227379334144, ""CLEAN_CANVAS_SURFACE"": 0.270280764044787, ""MAGNESIUM_PHOSPHATE_SAFE"": 0.02908653096943412, ""REPRODUCIBLE_SCENE_PROTOCOL"": 0.5931792706931854, ""SAFE_CONTAINMENT_MATRIX"": 0.05008116049925206}"
LAPIS_DEMIURGE,843f97b0a23aece5,0.23029187,LOW_NOISE_MEMORY_FIELD=37.15%; GPT_TRANSFORMER_ENGINE=21.24%; ACTIVE_LEARNING_AUTOLAB=19.68%; REPRODUCIBLE_SCENE_PROTOCOL=8.53%; KNOWLEDGE_GRAPH_MEMORY=5.44%; EXPERT_REVIEW_GATE=4.0%; BAYESIAN_OPTIMIZER=3.97%,mutated,PASSED,OK,0.50336,0.460153,0.631464,0.524321,0.551117,0.59828,0.574168,0.538682,0.831989,0.230292,0.358143,0.419823,0.473269,ADSORBENT_CORE BIOMINERALIZED CLOSED_LOOP DEMIURGE_LAYER EXPERT_VALIDATION_REQUIRED HYDROGEL_NETWORK LAMINATED LOW_HAZARD_GATE PHOTOCATALYTIC_SURFACE RULE_REWRITE SELF_HEALING_LAYER,"{""ACTIVE_LEARNING_AUTOLAB"": 0.196771033949539, ""EXPERT_REVIEW_GATE"": 0.04002415175736117, ""GPT_TRANSFORMER_ENGINE"": 0.21241617197803883, ""KNOWLEDGE_GRAPH_MEMORY"": 0.05435720491029794, ""REPRODUCIBLE_SCENE_PROTOCOL"": 0.08525041426507979, ""LOW_NOISE_MEMORY_FIELD"": 0.3714558416054425, ""BAYESIAN_OPTIMIZER"": 0.03972518153424089}"
LAPIS_DEMIURGE,e91c09e6b9570c7c,0.23028202,LOW_NOISE_MEMORY_FIELD=37.26%; GPT_TRANSFORMER_ENGINE=21.31%; ACTIVE_LEARNING_AUTOLAB=19.37%; REPRODUCIBLE_SCENE_PROTOCOL=8.55%; KNOWLEDGE_GRAPH_MEMORY=5.5%; EXPERT_REVIEW_GATE=4.02%; BAYESIAN_OPTIMIZER=3.99%,mutated,PASSED,OK,0.502109,0.461455,0.6323,0.523061,0.552117,0.598886,0.574911,0.5398,0.832265,0.230282,0.358695,0.421156,0.474773,ADSORBENT_CORE BIOMINERALIZED CLOSED_LOOP DEMIURGE_LAYER EXPERT_VALIDATION_REQUIRED HYDROGEL_NETWORK LAMINATED LOW_HAZARD_GATE PHOTOCATALYTIC_SURFACE RULE_REWRITE SELF_HEALING_LAYER,"{""ACTIVE_LEARNING_AUTOLAB"": 0.19373805627418167, ""EXPERT_REVIEW_GATE"": 0.04015129604773496, ""GPT_TRANSFORMER_ENGINE"": 0.2130909521361242, ""KNOWLEDGE_GRAPH_MEMORY"": 0.05501124975458967, ""REPRODUCIBLE_SCENE_PROTOCOL"": 0.08552122833483235, ""LOW_NOISE_MEMORY_FIELD"": 0.37263584136339956, ""BAYESIAN_OPTIMIZER"": 0.03985137608913766}"
LAPIS_DEMIURGE,81a8279e1cf7a574,0.22989774,LOW_NOISE_MEMORY_FIELD=35.56%; ACTIVE_LEARNING_AUTOLAB=26.16%; GPT_TRANSFORMER_ENGINE=15.21%; REPRODUCIBLE_SCENE_PROTOCOL=8.7%; EVOLUTIONARY_SEARCH_LOOP=6.8%; KNOWLEDGE_GRAPH_MEMORY=4.29%; EXPERT_REVIEW_GATE=3.29%,mutated,PASSED,OK,0.51625,0.447741,0.62349,0.534367,0.5415,0.592153,0.566923,0.527848,0.829109,0.229898,0.362676,0.407221,0.458509,ADSORBENT_CORE BIOMINERALIZED CLOSED_LOOP CONDUCTIVE_TRACE DEMIURGE_LAYER EXPERT_VALIDATION_REQUIRED HYDROGEL_NETWORK LAMINATED LOW_HAZARD_GATE PHOTOCATALYTIC_SURFACE RULE_REWRITE SELF_HEALING_LAYER,"{""ACTIVE_LEARNING_AUTOLAB"": 0.261639086092594, ""EXPERT_REVIEW_GATE"": 0.03285999196103642, ""GPT_TRANSFORMER_ENGINE"": 0.15205664376688974, ""KNOWLEDGE_GRAPH_MEMORY"": 0.042917976181575314, ""REPRODUCIBLE_SCENE_PROTOCOL"": 0.08696208799578012, ""LOW_NOISE_MEMORY_FIELD"": 0.35558416164402057, ""EVOLUTIONARY_SEARCH_LOOP"": 0.06798005235810385}"
LAPIS_STONE,b41661d08c23f036,0.22954189,REPRODUCIBLE_SCENE_PROTOCOL=61.26%; CLEAN_CANVAS_SURFACE=29.37%; MAGNESIUM_PHOSPHATE_SAFE=4.76%; CHITOSAN_BINDER=4.6%,mutated,PASSED,OK,0.399631,0.896339,0.884821,0.0245,0.871121,0.780327,0.819398,0.883926,0.910361,0.229542,0.62066,0.779506,0.865708,EXPERT_VALIDATION_REQUIRED HYDROGEL_NETWORK LAMINATED LOW_HAZARD_GATE PHOTOCATALYTIC_SURFACE SELF_HEALING_LAYER STONE_BODY,"{""CHITOSAN_BINDER"": 0.046039043249923584, ""MAGNESIUM_PHOSPHATE_SAFE"": 0.04763931123704669, ""REPRODUCIBLE_SCENE_PROTOCOL"": 0.6126193775708237, ""CLEAN_CANVAS_SURFACE"": 0.29370226794220605}"
LAPIS_DEMIURGE,3f6b086d7b2db095,0.22877228,LOW_NOISE_MEMORY_FIELD=37.54%; ACTIVE_LEARNING_AUTOLAB=19.52%; GPT_TRANSFORMER_ENGINE=19.16%; REPRODUCIBLE_SCENE_PROTOCOL=8.62%; EXPERT_REVIEW_GATE=5.6%; KNOWLEDGE_GRAPH_MEMORY=5.54%; BAYESIAN_OPTIMIZER=4.02%,mutated,PASSED,OK,0.49442,0.464552,0.635476,0.515816,0.555236,0.60058,0.577862,0.543056,0.833999,0.228772,0.361395,0.427128,0.478346,ADSORBENT_CORE BIOMINERALIZED CLOSED_LOOP DEMIURGE_LAYER EXPERT_VALIDATION_REQUIRED HYDROGEL_NETWORK LAMINATED LOW_HAZARD_GATE PHOTOCATALYTIC_SURFACE RULE_REWRITE SELF_HEALING_LAYER,"{""ACTIVE_LEARNING_AUTOLAB"": 0.1951962658026766, ""EXPERT_REVIEW_GATE"": 0.056016212189490294, ""GPT_TRANSFORMER_ENGINE"": 0.19160540941166646, ""KNOWLEDGE_GRAPH_MEMORY"": 0.05542530329734345, ""REPRODUCIBLE_SCENE_PROTOCOL"": 0.08616492153814372, ""LOW_NOISE_MEMORY_FIELD"": 0.37544056205165627, ""BAYESIAN_OPTIMIZER"": 0.04015132570902327}"
LAPIS_DEMIURGE,eaa0d7628a77cef4,0.22847324,ACTIVE_LEARNING_AUTOLAB=37.81%; LOW_NOISE_MEMORY_FIELD=24.3%; REPRODUCIBLE_SCENE_PROTOCOL=21.31%; GPT_TRANSFORMER_ENGINE=10.85%; EXPERT_REVIEW_GATE=5.73%,mutated,PASSED,OK,0.497928,0.468614,0.649439,0.514141,0.561059,0.603513,0.586545,0.53964,0.836665,0.228473,0.367608,0.465934,0.470137,ADSORBENT_CORE BIOMINERALIZED CLOSED_LOOP CONDUCTIVE_TRACE DEMIURGE_LAYER EXPERT_VALIDATION_REQUIRED HYDROGEL_NETWORK LAMINATED LOW_HAZARD_GATE PHOTOCATALYTIC_SURFACE RULE_REWRITE SELF_HEALING_LAYER,"{""ACTIVE_LEARNING_AUTOLAB"": 0.3780578159857044, ""EXPERT_REVIEW_GATE"": 0.05725738976462024, ""GPT_TRANSFORMER_ENGINE"": 0.10853166082188054, ""REPRODUCIBLE_SCENE_PROTOCOL"": 0.2131160768927824, ""LOW_NOISE_MEMORY_FIELD"": 0.24303705653501248}"
LAPIS_DEMIURGE,6108ffde193994f9,0.22834989,ACTIVE_LEARNING_AUTOLAB=28.21%; LOW_NOISE_MEMORY_FIELD=27.65%; REPRODUCIBLE_SCENE_PROTOCOL=18.53%; GPT_TRANSFORMER_ENGINE=14.97%; KNOWLEDGE_GRAPH_MEMORY=6.7%; EXPERT_REVIEW_GATE=3.94%,crossover,PASSED,OK,0.492053,0.471684,0.648643,0.510411,0.562753,0.604766,0.586653,0.544032,0.837409,0.22835,0.359119,0.458019,0.47659,ADSORBENT_CORE BIOMINERALIZED CLOSED_LOOP CONDUCTIVE_TRACE DEMIURGE_LAYER EXPERT_VALIDATION_REQUIRED HYDROGEL_NETWORK LAMINATED LOW_HAZARD_GATE PHOTOCATALYTIC_SURFACE RULE_REWRITE SELF_HEALING_LAYER,"{""ACTIVE_LEARNING_AUTOLAB"": 0.2820951547793974, ""EXPERT_REVIEW_GATE"": 0.03937886039367801, ""GPT_TRANSFORMER_ENGINE"": 0.14971084012634517, ""KNOWLEDGE_GRAPH_MEMORY"": 0.06699200290482323, ""LOW_NOISE_MEMORY_FIELD"": 0.27653219125442985, ""REPRODUCIBLE_SCENE_PROTOCOL"": 0.18529095054132635}"
LAPIS_HEALER,475490c7b79c664e,0.22820479,REPRODUCIBLE_SCENE_PROTOCOL=52.97%; SAFE_CONTAINMENT_MATRIX=18.69%; LOW_NOISE_MEMORY_FIELD=18.34%; SIGNAL_CLARITY_GATE=5.65%; BACTERIAL_CELLULOSE_MATRIX=2.49%; GELATIN_COLLAGEN_TOKEN=1.86%,crossover,PASSED,OK,0.371104,0.897967,0.930484,0.050534,0.889486,0.795102,0.854034,0.875457,0.924655,0.228205,0.603162,0.899253,0.908582,ADSORBENT_CORE ANIMA_BIO BIOMINERALIZED CLOSED_LOOP CONDUCTIVE_TRACE EXPERT_VALIDATION_REQUIRED HYDROGEL_NETWORK LAMINATED LOW_HAZARD_GATE PHOTOCATALYTIC_SURFACE RULE_REWRITE SELF_HEALING_LAYER WORLD_MODEL,"{""BACTERIAL_CELLULOSE_MATRIX"": 0.024905047858530656, ""GELATIN_COLLAGEN_TOKEN"": 0.018639276201729636, ""LOW_NOISE_MEMORY_FIELD"": 0.18337120009646785, ""REPRODUCIBLE_SCENE_PROTOCOL"": 0.5297354570093555, ""SAFE_CONTAINMENT_MATRIX"": 0.18689747031433654, ""SIGNAL_CLARITY_GATE"": 0.05645154851957984}"
LAPIS_DEMIURGE,7071d5afbe14142a,0.22812993,ACTIVE_LEARNING_AUTOLAB=29.19%; REPRODUCIBLE_SCENE_PROTOCOL=27.4%; LOW_NOISE_MEMORY_FIELD=22.49%; GPT_TRANSFORMER_ENGINE=16.97%; EXPERT_REVIEW_GATE=3.95%,mutated,PASSED,OK,0.464514,0.510685,0.679968,0.478257,0.593747,0.623294,0.61197,0.572363,0.845541,0.22813,0.378507,0.519318,0.513354,ADSORBENT_CORE BIOMINERALIZED CLOSED_LOOP CONDUCTIVE_TRACE DEMIURGE_LAYER EXPERT_VALIDATION_REQUIRED HYDROGEL_NETWORK LAMINATED LOW_HAZARD_GATE PHOTOCATALYTIC_SURFACE RULE_REWRITE SELF_HEALING_LAYER,"{""ACTIVE_LEARNING_AUTOLAB"": 0.2919472678859404, ""EXPERT_REVIEW_GATE"": 0.03950328122693935, ""GPT_TRANSFORMER_ENGINE"": 0.16967083311068692, ""REPRODUCIBLE_SCENE_PROTOCOL"": 0.2739682747899061, ""LOW_NOISE_MEMORY_FIELD"": 0.2249103429865273}"
LAPIS_DEMIURGE,8899953860532d9f,0.22727428,ACTIVE_LEARNING_AUTOLAB=28.13%; LOW_NOISE_MEMORY_FIELD=27.25%; REPRODUCIBLE_SCENE_PROTOCOL=17.63%; GPT_TRANSFORMER_ENGINE=10.51%; BAYESIAN_OPTIMIZER=8.05%; KNOWLEDGE_GRAPH_MEMORY=4.89%; EXPERT_REVIEW_GATE=3.54%,mutated,PASSED,OK,0.500805,0.459556,0.640251,0.518547,0.553334,0.598741,0.579393,0.534138,0.834839,0.227274,0.363411,0.443339,0.463256,ADSORBENT_CORE BIOMINERALIZED CLOSED_LOOP CONDUCTIVE_TRACE DEMIURGE_LAYER EXPERT_VALIDATION_REQUIRED HYDROGEL_NETWORK LAMINATED LOW_HAZARD_GATE PHOTOCATALYTIC_SURFACE RULE_REWRITE SELF_HEALING_LAYER,"{""ACTIVE_LEARNING_AUTOLAB"": 0.28131663191072337, ""EXPERT_REVIEW_GATE"": 0.03541602984927694, ""GPT_TRANSFORMER_ENGINE"": 0.1051062988523993, ""KNOWLEDGE_GRAPH_MEMORY"": 0.04886170267083626, ""REPRODUCIBLE_SCENE_PROTOCOL"": 0.17631609732845602, ""LOW_NOISE_MEMORY_FIELD"": 0.2725127929094339, ""BAYESIAN_OPTIMIZER"": 0.08047044647887414}"
LAPIS_HEALER,8ce34daa8575faa2,0.22715437,REPRODUCIBLE_SCENE_PROTOCOL=54.1%; LOW_NOISE_MEMORY_FIELD=21.08%; SAFE_CONTAINMENT_MATRIX=17.62%; ALGINATE_HYDROGEL=5.71%; BACTERIAL_CELLULOSE_MATRIX=1.49%,mutated,PASSED,OK,0.382289,0.876248,0.922091,0.054428,0.877538,0.787579,0.854287,0.857525,0.9243,0.227154,0.582369,0.900219,0.887379,ADSORBENT_CORE ANIMA_BIO BIOMINERALIZED CLOSED_LOOP CONDUCTIVE_TRACE EXPERT_VALIDATION_REQUIRED HYDROGEL_NETWORK LAMINATED LOW_HAZARD_GATE PHOTOCATALYTIC_SURFACE RULE_REWRITE SELF_HEALING_LAYER,"{""SAFE_CONTAINMENT_MATRIX"": 0.17622947013430346, ""LOW_NOISE_MEMORY_FIELD"": 0.21080070133216278, ""BACTERIAL_CELLULOSE_MATRIX"": 0.014857122255957379, ""REPRODUCIBLE_SCENE_PROTOCOL"": 0.5410146301277601, ""ALGINATE_HYDROGEL"": 0.05709807614981629}"
LAPIS_DEMIURGE,7f45fa862b3fc4f2,0.22635314,REPRODUCIBLE_SCENE_PROTOCOL=27.98%; LOW_NOISE_MEMORY_FIELD=25.35%; ACTIVE_LEARNING_AUTOLAB=24.97%; GPT_TRANSFORMER_ENGINE=17.33%; EXPERT_REVIEW_GATE=4.37%,mutated,PASSED,OK,0.437745,0.541576,0.699307,0.450688,0.617127,0.637537,0.629096,0.598528,0.851348,0.226353,0.395968,0.550983,0.549059,ADSORBENT_CORE BIOMINERALIZED CLOSED_LOOP CONDUCTIVE_TRACE DEMIURGE_LAYER EXPERT_VALIDATION_REQUIRED HYDROGEL_NETWORK LAMINATED LOW_HAZARD_GATE PHOTOCATALYTIC_SURFACE RULE_REWRITE SELF_HEALING_LAYER,"{""ACTIVE_LEARNING_AUTOLAB"": 0.2497313972147445, ""EXPERT_REVIEW_GATE"": 0.04366232084641215, ""GPT_TRANSFORMER_ENGINE"": 0.1732843765410617, ""REPRODUCIBLE_SCENE_PROTOCOL"": 0.2798030799909412, ""LOW_NOISE_MEMORY_FIELD"": 0.25351882540684056}"
LAPIS_DEMIURGE,15930eb8dad972f0,0.22608627,ACTIVE_LEARNING_AUTOLAB=28.98%; REPRODUCIBLE_SCENE_PROTOCOL=24.06%; LOW_NOISE_MEMORY_FIELD=22.48%; GPT_TRANSFORMER_ENGINE=13.81%; KNOWLEDGE_GRAPH_MEMORY=6.18%; EXPERT_REVIEW_GATE=4.48%,mutated,PASSED,OK,0.481884,0.478774,0.65922,0.499036,0.570135,0.608768,0.594586,0.54796,0.841243,0.226086,0.357432,0.480862,0.479263,ADSORBENT_CORE BIOMINERALIZED CLOSED_LOOP CONDUCTIVE_TRACE DEMIURGE_LAYER EXPERT_VALIDATION_REQUIRED HYDROGEL_NETWORK LAMINATED LOW_HAZARD_GATE PHOTOCATALYTIC_SURFACE RULE_REWRITE SELF_HEALING_LAYER,"{""ACTIVE_LEARNING_AUTOLAB"": 0.28978802216869487, ""EXPERT_REVIEW_GATE"": 0.04479126211145785, ""GPT_TRANSFORMER_ENGINE"": 0.13814643444219182, ""KNOWLEDGE_GRAPH_MEMORY"": 0.06181720929247328, ""REPRODUCIBLE_SCENE_PROTOCOL"": 0.24063551213151885, ""LOW_NOISE_MEMORY_FIELD"": 0.22482155985366337}"
LAPIS_DEMIURGE,7d4f7fe3356a82b5,0.22592209,LOW_NOISE_MEMORY_FIELD=25.37%; REPRODUCIBLE_SCENE_PROTOCOL=22.66%; ACTIVE_LEARNING_AUTOLAB=22.5%; GPT_TRANSFORMER_ENGINE=17.22%; KNOWLEDGE_GRAPH_MEMORY=7.87%; EXPERT_REVIEW_GATE=4.17%; SCORING_FUNCTION_MUTATOR=0.2%,crossover,PASSED,OK,0.470159,0.490988,0.66532,0.487901,0.57899,0.614266,0.600457,0.559194,0.8434,0.225922,0.359204,0.488065,0.495049,ADSORBENT_CORE BIOMINERALIZED CLOSED_LOOP CONDUCTIVE_TRACE DEMIURGE_LAYER EXPERT_VALIDATION_REQUIRED HYDROGEL_NETWORK LAMINATED LOW_HAZARD_GATE PHOTOCATALYTIC_SURFACE RULE_REWRITE SELF_HEALING_LAYER,"{""ACTIVE_LEARNING_AUTOLAB"": 0.2250145506297521, ""EXPERT_REVIEW_GATE"": 0.041696909579634796, ""GPT_TRANSFORMER_ENGINE"": 0.17216715899441173, ""KNOWLEDGE_GRAPH_MEMORY"": 0.07874864331095775, ""LOW_NOISE_MEMORY_FIELD"": 0.2537445652676434, ""REPRODUCIBLE_SCENE_PROTOCOL"": 0.22662245155608643, ""SCORING_FUNCTION_MUTATOR"": 0.0020057206615138995}"
LAPIS_DEMIURGE,80fc86f6298c04d6,0.2258692,LOW_NOISE_MEMORY_FIELD=28.38%; REPRODUCIBLE_SCENE_PROTOCOL=23.81%; ACTIVE_LEARNING_AUTOLAB=21.42%; GPT_TRANSFORMER_ENGINE=16.71%; KNOWLEDGE_GRAPH_MEMORY=5.24%; EXPERT_REVIEW_GATE=4.44%,mutated,PASSED,OK,0.442762,0.528543,0.688358,0.45846,0.606927,0.631412,0.620632,0.590174,0.849328,0.225869,0.386228,0.527339,0.538007,ADSORBENT_CORE BIOMINERALIZED CLOSED_LOOP DEMIURGE_LAYER EXPERT_VALIDATION_REQUIRED HYDROGEL_NETWORK LAMINATED LOW_HAZARD_GATE PHOTOCATALYTIC_SURFACE RULE_REWRITE SELF_HEALING_LAYER,"{""ACTIVE_LEARNING_AUTOLAB"": 0.21422215029757288, ""EXPERT_REVIEW_GATE"": 0.0443965276724337, ""GPT_TRANSFORMER_ENGINE"": 0.16713731970027568, ""KNOWLEDGE_GRAPH_MEMORY"": 0.052350673866039574, ""REPRODUCIBLE_SCENE_PROTOCOL"": 0.23810846114918194, ""LOW_NOISE_MEMORY_FIELD"": 0.2837848673144963}"
LAPIS_DEMIURGE,85ca0255533523b1,0.22540105,REPRODUCIBLE_SCENE_PROTOCOL=29.71%; ACTIVE_LEARNING_AUTOLAB=26.75%; LOW_NOISE_MEMORY_FIELD=21.13%; GPT_TRANSFORMER_ENGINE=15.54%; EXPERT_REVIEW_GATE=4.33%; KNOWLEDGE_GRAPH_MEMORY=2.54%,crossover,PASSED,OK,0.45013,0.520725,0.689353,0.463992,0.602614,0.628386,0.619797,0.580579,0.849416,0.225401,0.379131,0.535845,0.52279,ADSORBENT_CORE BIOMINERALIZED CLOSED_LOOP CONDUCTIVE_TRACE DEMIURGE_LAYER EXPERT_VALIDATION_REQUIRED HYDROGEL_NETWORK LAMINATED LOW_HAZARD_GATE PHOTOCATALYTIC_SURFACE RULE_REWRITE SELF_HEALING_LAYER,"{""ACTIVE_LEARNING_AUTOLAB"": 0.2674544545407917, ""EXPERT_REVIEW_GATE"": 0.043278841822513625, ""GPT_TRANSFORMER_ENGINE"": 0.15543635824956403, ""KNOWLEDGE_GRAPH_MEMORY"": 0.025435109445546132, ""LOW_NOISE_MEMORY_FIELD"": 0.21132767673834207, ""REPRODUCIBLE_SCENE_PROTOCOL"": 0.29706755920324246}"
LAPIS_DEMIURGE,3138a4ea2d8bbee0,0.22534505,ACTIVE_LEARNING_AUTOLAB=27.94%; LOW_NOISE_MEMORY_FIELD=26.42%; REPRODUCIBLE_SCENE_PROTOCOL=16.38%; GPT_TRANSFORMER_ENGINE=16.24%; KNOWLEDGE_GRAPH_MEMORY=7.26%; EXPERT_REVIEW_GATE=5.76%,mutated,PASSED,OK,0.510277,0.440303,0.629579,0.531248,0.539913,0.59065,0.570449,0.519322,0.833242,0.225345,0.336515,0.425645,0.441906,ADSORBENT_CORE BIOMINERALIZED CLOSED_LOOP CONDUCTIVE_TRACE DEMIURGE_LAYER EXPERT_VALIDATION_REQUIRED HYDROGEL_NETWORK LAMINATED LOW_HAZARD_GATE PHOTOCATALYTIC_SURFACE RULE_REWRITE SELF_HEALING_LAYER,"{""ACTIVE_LEARNING_AUTOLAB"": 0.2793511325945903, ""EXPERT_REVIEW_GATE"": 0.0575904403447707, ""GPT_TRANSFORMER_ENGINE"": 0.16235034409109703, ""KNOWLEDGE_GRAPH_MEMORY"": 0.07264787715953712, ""REPRODUCIBLE_SCENE_PROTOCOL"": 0.16384884379607612, ""LOW_NOISE_MEMORY_FIELD"": 0.26421136201392875}"
LAPIS_DEMIURGE,be660c95f9edadd0,0.22498324,REPRODUCIBLE_SCENE_PROTOCOL=25.28%; ACTIVE_LEARNING_AUTOLAB=24.98%; LOW_NOISE_MEMORY_FIELD=20.79%; GPT_TRANSFORMER_ENGINE=17.72%; KNOWLEDGE_GRAPH_MEMORY=6.92%; EXPERT_REVIEW_GATE=4.31%,crossover,PASSED,OK,0.481605,0.47542,0.658933,0.499302,0.568323,0.607532,0.594034,0.544904,0.841845,0.224983,0.346398,0.480708,0.474078,ADSORBENT_CORE BIOMINERALIZED CLOSED_LOOP CONDUCTIVE_TRACE DEMIURGE_LAYER EXPERT_VALIDATION_REQUIRED HYDROGEL_NETWORK LAMINATED LOW_HAZARD_GATE PHOTOCATALYTIC_SURFACE RULE_REWRITE SELF_HEALING_LAYER,"{""ACTIVE_LEARNING_AUTOLAB"": 0.24980214228386882, ""EXPERT_REVIEW_GATE"": 0.04314599074317188, ""GPT_TRANSFORMER_ENGINE"": 0.17718165765907423, ""KNOWLEDGE_GRAPH_MEMORY"": 0.06916427892836033, ""LOW_NOISE_MEMORY_FIELD"": 0.20791653724609224, ""REPRODUCIBLE_SCENE_PROTOCOL"": 0.2527893931394325}"
LAPIS_DEMIURGE,9771c1523496b684,0.22484881,REPRODUCIBLE_SCENE_PROTOCOL=24.81%; LOW_NOISE_MEMORY_FIELD=24.78%; ACTIVE_LEARNING_AUTOLAB=24.41%; GPT_TRANSFORMER_ENGINE=14.14%; KNOWLEDGE_GRAPH_MEMORY=6.87%; EXPERT_REVIEW_GATE=4.98%,mutated,PASSED,OK,0.456333,0.506256,0.676974,0.473026,0.591216,0.621547,0.610283,0.571352,0.846903,0.224849,0.371313,0.50989,0.510798,ADSORBENT_CORE BIOMINERALIZED CLOSED_LOOP DEMIURGE_LAYER EXPERT_VALIDATION_REQUIRED HYDROGEL_NETWORK LAMINATED LOW_HAZARD_GATE PHOTOCATALYTIC_SURFACE RULE_REWRITE SELF_HEALING_LAYER,"{""ACTIVE_LEARNING_AUTOLAB"": 0.24410254136820603, ""EXPERT_REVIEW_GATE"": 0.04983011585768002, ""GPT_TRANSFORMER_ENGINE"": 0.141397103463784, ""KNOWLEDGE_GRAPH_MEMORY"": 0.06874808710782114, ""REPRODUCIBLE_SCENE_PROTOCOL"": 0.2480755633774214, ""LOW_NOISE_MEMORY_FIELD"": 0.24784658882508737}"
LAPIS_WORLD_REWRITER,9d1420bdc8ce76f9,0.21595019,ACTIVE_LEARNING_AUTOLAB=22.91%; LOW_NOISE_MEMORY_FIELD=21.99%; GPT_TRANSFORMER_ENGINE=21.89%; REPRODUCIBLE_SCENE_PROTOCOL=14.36%; KNOWLEDGE_GRAPH_MEMORY=10.36%; SAFE_CONTAINMENT_MATRIX=4.78%; EXPERT_REVIEW_GATE=3.71%,mutated,PASSED,OK,0.503196,0.417287,0.620707,0.540837,0.5257,0.581568,0.567645,0.497161,0.832095,0.21595,0.309801,0.423865,0.406676,ADSORBENT_CORE CLOSED_LOOP DEMIURGE_LAYER EXPERT_VALIDATION_REQUIRED HYDROGEL_NETWORK LAMINATED LOW_HAZARD_GATE PHOTOCATALYTIC_SURFACE RULE_REWRITE SEARCH_SPACE_EDITOR SELF_HEALING_LAYER WORLD_MODEL,"{""ACTIVE_LEARNING_AUTOLAB"": 0.22912581203443286, ""EXPERT_REVIEW_GATE"": 0.03710868539872426, ""GPT_TRANSFORMER_ENGINE"": 0.21892693567090132, ""KNOWLEDGE_GRAPH_MEMORY"": 0.10359516204653656, ""LOW_NOISE_MEMORY_FIELD"": 0.21990291627946076, ""REPRODUCIBLE_SCENE_PROTOCOL"": 0.14358832684213457, ""SAFE_CONTAINMENT_MATRIX"": 0.04775216172780963}"
LAPIS_WORLD_REWRITER,ec96a9f168f31772,0.21368875,ACTIVE_LEARNING_AUTOLAB=22.15%; LOW_NOISE_MEMORY_FIELD=21.26%; GPT_TRANSFORMER_ENGINE=21.16%; REPRODUCIBLE_SCENE_PROTOCOL=13.88%; KNOWLEDGE_GRAPH_MEMORY=10.01%; SAFE_CONTAINMENT_MATRIX=7.95%; EXPERT_REVIEW_GATE=3.59%,mutated,PASSED,OK,0.487519,0.430052,0.632558,0.523615,0.537363,0.588342,0.581249,0.505594,0.83599,0.213689,0.317479,0.453755,0.415125,ADSORBENT_CORE CLOSED_LOOP DEMIURGE_LAYER EXPERT_VALIDATION_REQUIRED HYDROGEL_NETWORK LAMINATED LOW_HAZARD_GATE PHOTOCATALYTIC_SURFACE RULE_REWRITE SEARCH_SPACE_EDITOR SELF_HEALING_LAYER WORLD_MODEL,"{""ACTIVE_LEARNING_AUTOLAB"": 0.22148347100528845, ""EXPERT_REVIEW_GATE"": 0.03587094956074864, ""GPT_TRANSFORMER_ENGINE"": 0.21162477146684755, ""KNOWLEDGE_GRAPH_MEMORY"": 0.10013981343129572, ""LOW_NOISE_MEMORY_FIELD"": 0.21256819888298306, ""REPRODUCIBLE_SCENE_PROTOCOL"": 0.13879903247242412, ""SAFE_CONTAINMENT_MATRIX"": 0.07951376318041249}"
LAPIS_WORLD_REWRITER,d568d2c330406379,0.2122222,ACTIVE_LEARNING_AUTOLAB=23.81%; GPT_TRANSFORMER_ENGINE=22.09%; LOW_NOISE_MEMORY_FIELD=16.47%; REPRODUCIBLE_SCENE_PROTOCOL=12.77%; KNOWLEDGE_GRAPH_MEMORY=10.45%; SAFE_CONTAINMENT_MATRIX=6.85%; CLEAN_CANVAS_SURFACE=3.81%; EXPERT_REVIEW_GATE=3.74%,mutated,PASSED,OK,0.506516,0.401308,0.60714,0.543396,0.514482,0.574646,0.5623,0.487178,0.829813,0.212222,0.304078,0.41361,0.377978,ADSORBENT_CORE CLOSED_LOOP CONDUCTIVE_TRACE DEMIURGE_LAYER EXPERT_VALIDATION_REQUIRED HYDROGEL_NETWORK LAMINATED LOW_HAZARD_GATE PHOTOCATALYTIC_SURFACE RULE_REWRITE SEARCH_SPACE_EDITOR SELF_HEALING_LAYER WORLD_MODEL,"{""ACTIVE_LEARNING_AUTOLAB"": 0.23811581670603468, ""CLEAN_CANVAS_SURFACE"": 0.03809272395090698, ""EXPERT_REVIEW_GATE"": 0.03744598766846947, ""GPT_TRANSFORMER_ENGINE"": 0.2209168890070736, ""KNOWLEDGE_GRAPH_MEMORY"": 0.10453679829469428, ""LOW_NOISE_MEMORY_FIELD"": 0.16470552466582858, ""REPRODUCIBLE_SCENE_PROTOCOL"": 0.12768020705264935, ""SAFE_CONTAINMENT_MATRIX"": 0.06850605265434305}"
LAPIS_WORLD_REWRITER,165f3aea64dbb3c5,0.21143388,ACTIVE_LEARNING_AUTOLAB=25.53%; GPT_TRANSFORMER_ENGINE=18.55%; REPRODUCIBLE_SCENE_PROTOCOL=15.41%; LOW_NOISE_MEMORY_FIELD=14.07%; SAFE_CONTAINMENT_MATRIX=10.09%; KNOWLEDGE_GRAPH_MEMORY=6.86%; CLEAN_CANVAS_SURFACE=5.8%; EXPERT_REVIEW_GATE=3.68%,mutated,PASSED,OK,0.46546,0.451829,0.641978,0.497733,0.552817,0.597219,0.594024,0.523438,0.838738,0.211434,0.339734,0.481577,0.41765,ADSORBENT_CORE CLOSED_LOOP DEMIURGE_LAYER EXPERT_VALIDATION_REQUIRED HYDROGEL_NETWORK LAMINATED LOW_HAZARD_GATE PHOTOCATALYTIC_SURFACE RULE_REWRITE SEARCH_SPACE_EDITOR SELF_HEALING_LAYER WORLD_MODEL,"{""ACTIVE_LEARNING_AUTOLAB"": 0.25534878407640205, ""CLEAN_CANVAS_SURFACE"": 0.05797866692228812, ""EXPERT_REVIEW_GATE"": 0.03678855630725459, ""GPT_TRANSFORMER_ENGINE"": 0.18554421625215728, ""KNOWLEDGE_GRAPH_MEMORY"": 0.06863755277724926, ""LOW_NOISE_MEMORY_FIELD"": 0.1407180960973547, ""REPRODUCIBLE_SCENE_PROTOCOL"": 0.1540857593736742, ""SAFE_CONTAINMENT_MATRIX"": 0.10089836819361993}"
LAPIS_WORLD_REWRITER,7421432c18c87f54,0.20998747,GPT_TRANSFORMER_ENGINE=25.99%; ACTIVE_LEARNING_AUTOLAB=16.13%; REPRODUCIBLE_SCENE_PROTOCOL=15.89%; KNOWLEDGE_GRAPH_MEMORY=12.3%; LOW_NOISE_MEMORY_FIELD=11.28%; SAFE_CONTAINMENT_MATRIX=8.35%; CLEAN_CANVAS_SURFACE=6.93%; EXPERT_REVIEW_GATE=3.14%,mutated,PASSED,OK,0.47873,0.426398,0.624082,0.51157,0.534214,0.585997,0.579185,0.507189,0.836154,0.209987,0.307467,0.44805,0.391338,ADSORBENT_CORE CLOSED_LOOP DEMIURGE_LAYER EXPERT_VALIDATION_REQUIRED HYDROGEL_NETWORK LAMINATED LOW_HAZARD_GATE PHOTOCATALYTIC_SURFACE RULE_REWRITE SEARCH_SPACE_EDITOR SELF_HEALING_LAYER WORLD_MODEL,"{""ACTIVE_LEARNING_AUTOLAB"": 0.1612808547040436, ""CLEAN_CANVAS_SURFACE"": 0.06931615484173735, ""EXPERT_REVIEW_GATE"": 0.03137873929674101, ""GPT_TRANSFORMER_ENGINE"": 0.2598560616051577, ""KNOWLEDGE_GRAPH_MEMORY"": 0.12296262553653033, ""LOW_NOISE_MEMORY_FIELD"": 0.11276703135104048, ""REPRODUCIBLE_SCENE_PROTOCOL"": 0.15892224106281425, ""SAFE_CONTAINMENT_MATRIX"": 0.08351629160193542}"
LAPIS_WORLD_REWRITER,343406b38764a26a,0.20975913,GPT_TRANSFORMER_ENGINE=23.88%; REPRODUCIBLE_SCENE_PROTOCOL=16.34%; ACTIVE_LEARNING_AUTOLAB=15.72%; KNOWLEDGE_GRAPH_MEMORY=13.17%; LOW_NOISE_MEMORY_FIELD=12.62%; SAFE_CONTAINMENT_MATRIX=7.04%; CLEAN_CANVAS_SURFACE=6.6%; EXPERT_REVIEW_GATE=4.61%,mutated,PASSED,OK,0.472528,0.431045,0.627335,0.506963,0.537395,0.58777,0.579767,0.511434,0.837454,0.209759,0.30954,0.447666,0.3986,ADSORBENT_CORE CLOSED_LOOP DEMIURGE_LAYER EXPERT_VALIDATION_REQUIRED HYDROGEL_NETWORK LAMINATED LOW_HAZARD_GATE PHOTOCATALYTIC_SURFACE RULE_REWRITE SEARCH_SPACE_EDITOR SELF_HEALING_LAYER WORLD_MODEL,"{""ACTIVE_LEARNING_AUTOLAB"": 0.1572288322840869, ""CLEAN_CANVAS_SURFACE"": 0.06603592584253794, ""EXPERT_REVIEW_GATE"": 0.046111431012577565, ""GPT_TRANSFORMER_ENGINE"": 0.23880470565621037, ""KNOWLEDGE_GRAPH_MEMORY"": 0.13174933722863028, ""LOW_NOISE_MEMORY_FIELD"": 0.12622980883642004, ""REPRODUCIBLE_SCENE_PROTOCOL"": 0.16343725051464023, ""SAFE_CONTAINMENT_MATRIX"": 0.07040270862489671}"
LAPIS_WORLD_REWRITER,eeb16ee96e93ffb6,0.20964461,ACTIVE_LEARNING_AUTOLAB=20.9%; LOW_NOISE_MEMORY_FIELD=20.06%; GPT_TRANSFORMER_ENGINE=19.97%; REPRODUCIBLE_SCENE_PROTOCOL=9.73%; KNOWLEDGE_GRAPH_MEMORY=9.45%; SCORING_FUNCTION_MUTATOR=9.0%; SAFE_CONTAINMENT_MATRIX=7.5%; EXPERT_REVIEW_GATE=3.38%,mutated,PASSED,OK,0.538021,0.3703,0.589449,0.567865,0.492026,0.560521,0.547816,0.460536,0.823264,0.209645,0.278715,0.38846,0.357393,ADSORBENT_CORE CLOSED_LOOP DEMIURGE_LAYER EXPERT_VALIDATION_REQUIRED HYDROGEL_NETWORK LAMINATED LOW_HAZARD_GATE PHOTOCATALYTIC_SURFACE RULE_REWRITE SEARCH_SPACE_EDITOR SELF_HEALING_LAYER WORLD_MODEL,"{""ACTIVE_LEARNING_AUTOLAB"": 0.20900053085500783, ""EXPERT_REVIEW_GATE"": 0.03384924150972271, ""GPT_TRANSFORMER_ENGINE"": 0.19969747348588718, ""KNOWLEDGE_GRAPH_MEMORY"": 0.09449587398945229, ""LOW_NOISE_MEMORY_FIELD"": 0.20058772877175807, ""REPRODUCIBLE_SCENE_PROTOCOL"": 0.09731382291933201, ""SAFE_CONTAINMENT_MATRIX"": 0.0750323201977848, ""SCORING_FUNCTION_MUTATOR"": 0.0900230082710552}"
LAPIS_WORLD_REWRITER,5434a1314628f604,0.20963579,GPT_TRANSFORMER_ENGINE=26.81%; ACTIVE_LEARNING_AUTOLAB=16.64%; REPRODUCIBLE_SCENE_PROTOCOL=15.8%; KNOWLEDGE_GRAPH_MEMORY=12.69%; LOW_NOISE_MEMORY_FIELD=11.64%; SAFE_CONTAINMENT_MATRIX=7.9%; CLEAN_CANVAS_SURFACE=5.28%; EXPERT_REVIEW_GATE=3.24%,mutated,PASSED,OK,0.492943,0.407613,0.614122,0.527109,0.521323,0.578409,0.570614,0.492942,0.833829,0.209636,0.294333,0.432289,0.377603,ADSORBENT_CORE CLOSED_LOOP DEMIURGE_LAYER EXPERT_VALIDATION_REQUIRED HYDROGEL_NETWORK LAMINATED LOW_HAZARD_GATE PHOTOCATALYTIC_SURFACE RULE_REWRITE SEARCH_SPACE_EDITOR SELF_HEALING_LAYER WORLD_MODEL,"{""ACTIVE_LEARNING_AUTOLAB"": 0.16642618097222633, ""CLEAN_CANVAS_SURFACE"": 0.052842032228519506, ""EXPERT_REVIEW_GATE"": 0.03237981194025009, ""GPT_TRANSFORMER_ENGINE"": 0.2681462224068043, ""KNOWLEDGE_GRAPH_MEMORY"": 0.12688548934041347, ""LOW_NOISE_MEMORY_FIELD"": 0.11636462617815263, ""REPRODUCIBLE_SCENE_PROTOCOL"": 0.1579505196906007, ""SAFE_CONTAINMENT_MATRIX"": 0.07900511724303294}"
LAPIS_WORLD_REWRITER,72d5293a0bf88a4a,0.20919807,GPT_TRANSFORMER_ENGINE=27.47%; REPRODUCIBLE_SCENE_PROTOCOL=15.79%; ACTIVE_LEARNING_AUTOLAB=14.61%; KNOWLEDGE_GRAPH_MEMORY=13.0%; LOW_NOISE_MEMORY_FIELD=11.92%; SAFE_CONTAINMENT_MATRIX=8.48%; CLEAN_CANVAS_SURFACE=5.41%; EXPERT_REVIEW_GATE=3.32%,mutated,PASSED,OK,0.48434,0.416523,0.620533,0.51786,0.528214,0.582417,0.576314,0.499487,0.835813,0.209198,0.297278,0.443301,0.385381,ADSORBENT_CORE CLOSED_LOOP DEMIURGE_LAYER EXPERT_VALIDATION_REQUIRED HYDROGEL_NETWORK LAMINATED LOW_HAZARD_GATE PHOTOCATALYTIC_SURFACE RULE_REWRITE SEARCH_SPACE_EDITOR SELF_HEALING_LAYER WORLD_MODEL,"{""ACTIVE_LEARNING_AUTOLAB"": 0.1461369237370748, ""CLEAN_CANVAS_SURFACE"": 0.05413247312496464, ""EXPERT_REVIEW_GATE"": 0.03317055052059465, ""GPT_TRANSFORMER_ENGINE"": 0.2746945483705862, ""KNOWLEDGE_GRAPH_MEMORY"": 0.12998412536376366, ""LOW_NOISE_MEMORY_FIELD"": 0.1192063350638074, ""REPRODUCIBLE_SCENE_PROTOCOL"": 0.1579240219618088, ""SAFE_CONTAINMENT_MATRIX"": 0.08475102185739986}"
LAPIS_WORLD_REWRITER,7b4cef10b241a2bd,0.20749337,KNOWLEDGE_GRAPH_MEMORY=21.92%; ACTIVE_LEARNING_AUTOLAB=19.19%; LOW_NOISE_MEMORY_FIELD=18.42%; GPT_TRANSFORMER_ENGINE=18.34%; REPRODUCIBLE_SCENE_PROTOCOL=12.14%; SAFE_CONTAINMENT_MATRIX=6.89%; EXPERT_REVIEW_GATE=3.11%,mutated,PASSED,OK,0.514051,0.373819,0.59672,0.556585,0.497805,0.564575,0.553712,0.46697,0.830048,0.207493,0.275787,0.394498,0.360845,ADSORBENT_CORE CLOSED_LOOP DEMIURGE_LAYER EXPERT_VALIDATION_REQUIRED HYDROGEL_NETWORK LAMINATED LOW_HAZARD_GATE PHOTOCATALYTIC_SURFACE RULE_REWRITE SEARCH_SPACE_EDITOR SELF_HEALING_LAYER WORLD_MODEL,"{""ACTIVE_LEARNING_AUTOLAB"": 0.19190984110247036, ""EXPERT_REVIEW_GATE"": 0.031081273013974158, ""GPT_TRANSFORMER_ENGINE"": 0.18336752662043837, ""KNOWLEDGE_GRAPH_MEMORY"": 0.2191664209479195, ""LOW_NOISE_MEMORY_FIELD"": 0.18418498268025402, ""REPRODUCIBLE_SCENE_PROTOCOL"": 0.1213932854312874, ""SAFE_CONTAINMENT_MATRIX"": 0.06889667020365625}"
LAPIS_WORLD_REWRITER,e8c0f6e4e4b6c59d,0.20730095,GPT_TRANSFORMER_ENGINE=28.55%; LOW_NOISE_MEMORY_FIELD=14.98%; KNOWLEDGE_GRAPH_MEMORY=13.51%; REPRODUCIBLE_SCENE_PROTOCOL=13.32%; ACTIVE_LEARNING_AUTOLAB=10.21%; SAFE_CONTAINMENT_MATRIX=9.18%; CLEAN_CANVAS_SURFACE=5.63%; EXPERT_REVIEW_GATE=4.63%,mutated,PASSED,OK,0.467689,0.430019,0.628601,0.502132,0.537907,0.587805,0.583122,0.509886,0.83843,0.207301,0.302467,0.452952,0.398353,ADSORBENT_CORE CLOSED_LOOP DEMIURGE_LAYER EXPERT_VALIDATION_REQUIRED HYDROGEL_NETWORK LAMINATED LOW_HAZARD_GATE PHOTOCATALYTIC_SURFACE RULE_REWRITE SEARCH_SPACE_EDITOR SELF_HEALING_LAYER WORLD_MODEL,"{""ACTIVE_LEARNING_AUTOLAB"": 0.10210910961931226, ""CLEAN_CANVAS_SURFACE"": 0.056260782861829596, ""EXPERT_REVIEW_GATE"": 0.04628122974572506, ""GPT_TRANSFORMER_ENGINE"": 0.28549462913931833, ""KNOWLEDGE_GRAPH_MEMORY"": 0.13509467109868575, ""LOW_NOISE_MEMORY_FIELD"": 0.14984946958620016, ""REPRODUCIBLE_SCENE_PROTOCOL"": 0.13315372346937407, ""SAFE_CONTAINMENT_MATRIX"": 0.09175638447955478}"
LAPIS_WORLD_REWRITER,883dfc92b8b0771c,0.20709543,GPT_TRANSFORMER_ENGINE=21.46%; ACTIVE_LEARNING_AUTOLAB=20.05%; REPRODUCIBLE_SCENE_PROTOCOL=19.47%; SAFE_CONTAINMENT_MATRIX=10.12%; LOW_NOISE_MEMORY_FIELD=9.02%; KNOWLEDGE_GRAPH_MEMORY=5.39%; BAYESIAN_OPTIMIZER=5.25%; EXPERT_REVIEW_GATE=4.3%; CLEAN_CANVAS_SURFACE=3.71%; JANUS_SYMBOLIC_INTERPRETER=1.23%,mutated,PASSED,OK,0.478803,0.419995,0.629977,0.509991,0.53392,0.585435,0.585879,0.49983,0.838055,0.207095,0.311216,0.473591,0.389624,ADSORBENT_CORE CLOSED_LOOP DEMIURGE_LAYER EXPERT_VALIDATION_REQUIRED HYDROGEL_NETWORK LAMINATED LOW_HAZARD_GATE PHOTOCATALYTIC_SURFACE RULE_REWRITE SEARCH_SPACE_EDITOR SELF_HEALING_LAYER WORLD_MODEL,"{""ACTIVE_LEARNING_AUTOLAB"": 0.20050461916708964, ""BAYESIAN_OPTIMIZER"": 0.05248043031434026, ""CLEAN_CANVAS_SURFACE"": 0.03710897381430809, ""EXPERT_REVIEW_GATE"": 0.04301940543402103, ""GPT_TRANSFORMER_ENGINE"": 0.21458164713510636, ""JANUS_SYMBOLIC_INTERPRETER"": 0.0122583920697114, ""KNOWLEDGE_GRAPH_MEMORY"": 0.05393285517221834, ""LOW_NOISE_MEMORY_FIELD"": 0.09017151073486666, ""REPRODUCIBLE_SCENE_PROTOCOL"": 0.19470816243255043, ""SAFE_CONTAINMENT_MATRIX"": 0.10123400372578774}"
LAPIS_WORLD_REWRITER,cdbc96a6818f8de8,0.2064025,GPT_TRANSFORMER_ENGINE=25.94%; REPRODUCIBLE_SCENE_PROTOCOL=15.87%; ACTIVE_LEARNING_AUTOLAB=14.21%; KNOWLEDGE_GRAPH_MEMORY=12.28%; LOW_NOISE_MEMORY_FIELD=11.26%; SAFE_CONTAINMENT_MATRIX=8.34%; EXPERT_REVIEW_GATE=6.26%; CLEAN_CANVAS_SURFACE=5.85%,mutated,PASSED,OK,0.476314,0.414056,0.620621,0.511242,0.5277,0.581757,0.576984,0.499139,0.837455,0.206402,0.295144,0.445213,0.381897,ADSORBENT_CORE CLOSED_LOOP DEMIURGE_LAYER EXPERT_VALIDATION_REQUIRED HYDROGEL_NETWORK LAMINATED LOW_HAZARD_GATE PHOTOCATALYTIC_SURFACE RULE_REWRITE SEARCH_SPACE_EDITOR SELF_HEALING_LAYER WORLD_MODEL,"{""ACTIVE_LEARNING_AUTOLAB"": 0.1421435315809867, ""CLEAN_CANVAS_SURFACE"": 0.05847201901741573, ""EXPERT_REVIEW_GATE"": 0.06257085570688342, ""GPT_TRANSFORMER_ENGINE"": 0.2594297928480899, ""KNOWLEDGE_GRAPH_MEMORY"": 0.12276091723221189, ""LOW_NOISE_MEMORY_FIELD"": 0.11258204793370051, ""REPRODUCIBLE_SCENE_PROTOCOL"": 0.1586615444842938, ""SAFE_CONTAINMENT_MATRIX"": 0.08337929119641802}"
LAPIS_WORLD_REWRITER,8ba12e400cee8215,0.205764,ACTIVE_LEARNING_AUTOLAB=24.64%; GPT_TRANSFORMER_ENGINE=17.92%; REPRODUCIBLE_SCENE_PROTOCOL=13.27%; LOW_NOISE_MEMORY_FIELD=12.19%; SAFE_CONTAINMENT_MATRIX=11.17%; KNOWLEDGE_GRAPH_MEMORY=9.67%; EXPERT_REVIEW_GATE=6.14%; CLEAN_CANVAS_SURFACE=5.0%,mutated,PASSED,OK,0.480339,0.409676,0.619178,0.51653,0.525461,0.58057,0.579159,0.493831,0.835955,0.205764,0.310719,0.453399,0.376765,ADSORBENT_CORE CLOSED_LOOP DEMIURGE_LAYER EXPERT_VALIDATION_REQUIRED HYDROGEL_NETWORK LAMINATED LOW_HAZARD_GATE PHOTOCATALYTIC_SURFACE RULE_REWRITE SEARCH_SPACE_EDITOR SELF_HEALING_LAYER WORLD_MODEL,"{""ACTIVE_LEARNING_AUTOLAB"": 0.24642051866109954, ""CLEAN_CANVAS_SURFACE"": 0.049962021636785967, ""EXPERT_REVIEW_GATE"": 0.061429288829852165, ""GPT_TRANSFORMER_ENGINE"": 0.17923065937435378, ""KNOWLEDGE_GRAPH_MEMORY"": 0.09671323910489651, ""LOW_NOISE_MEMORY_FIELD"": 0.12187153046386039, ""REPRODUCIBLE_SCENE_PROTOCOL"": 0.13267626392678716, ""SAFE_CONTAINMENT_MATRIX"": 0.11169647800236455}"
LAPIS_WORLD_REWRITER,38f3f5ca3d2bad1a,0.20567678,GPT_TRANSFORMER_ENGINE=33.05%; LOW_NOISE_MEMORY_FIELD=13.97%; KNOWLEDGE_GRAPH_MEMORY=12.6%; REPRODUCIBLE_SCENE_PROTOCOL=12.41%; ACTIVE_LEARNING_AUTOLAB=9.52%; SAFE_CONTAINMENT_MATRIX=9.15%; CLEAN_CANVAS_SURFACE=5.25%; EXPERT_REVIEW_GATE=4.06%,mutated,PASSED,OK,0.484043,0.405649,0.612622,0.518686,0.520251,0.577007,0.570981,0.49175,0.834232,0.205677,0.285191,0.429642,0.375299,ADSORBENT_CORE CLOSED_LOOP DEMIURGE_LAYER EXPERT_VALIDATION_REQUIRED HYDROGEL_NETWORK LAMINATED LOW_HAZARD_GATE PHOTOCATALYTIC_SURFACE RULE_REWRITE SEARCH_SPACE_EDITOR SELF_HEALING_LAYER WORLD_MODEL,"{""ACTIVE_LEARNING_AUTOLAB"": 0.09520091256195712, ""CLEAN_CANVAS_SURFACE"": 0.05245445670680181, ""EXPERT_REVIEW_GATE"": 0.04060790278101296, ""GPT_TRANSFORMER_ENGINE"": 0.3304734272810494, ""KNOWLEDGE_GRAPH_MEMORY"": 0.12595483418474412, ""LOW_NOISE_MEMORY_FIELD"": 0.13971139602252836, ""REPRODUCIBLE_SCENE_PROTOCOL"": 0.12414520146701362, ""SAFE_CONTAINMENT_MATRIX"": 0.0914518689948927}"
LAPIS_WORLD_REWRITER,3c857f275b93081b,0.20542713,ACTIVE_LEARNING_AUTOLAB=25.44%; GPT_TRANSFORMER_ENGINE=18.71%; REPRODUCIBLE_SCENE_PROTOCOL=16.51%; LOW_NOISE_MEMORY_FIELD=9.65%; KNOWLEDGE_GRAPH_MEMORY=8.85%; SAFE_CONTAINMENT_MATRIX=8.7%; EVOLUTIONARY_SEARCH_LOOP=6.83%; EXPERT_REVIEW_GATE=3.17%; CLEAN_CANVAS_SURFACE=2.15%,mutated,PASSED,OK,0.519381,0.366934,0.594317,0.554498,0.494767,0.562345,0.556336,0.46148,0.829048,0.205427,0.288033,0.411862,0.343774,ADSORBENT_CORE CLOSED_LOOP DEMIURGE_LAYER EXPERT_VALIDATION_REQUIRED HYDROGEL_NETWORK LAMINATED LOW_HAZARD_GATE PHOTOCATALYTIC_SURFACE RULE_REWRITE SEARCH_SPACE_EDITOR SELF_HEALING_LAYER WORLD_MODEL,"{""ACTIVE_LEARNING_AUTOLAB"": 0.25435742579789883, ""CLEAN_CANVAS_SURFACE"": 0.021459625736065528, ""EXPERT_REVIEW_GATE"": 0.03171063789463209, ""GPT_TRANSFORMER_ENGINE"": 0.18708053674895295, ""KNOWLEDGE_GRAPH_MEMORY"": 0.08852560083969968, ""LOW_NOISE_MEMORY_FIELD"": 0.09648323031664162, ""REPRODUCIBLE_SCENE_PROTOCOL"": 0.1651312351293624, ""SAFE_CONTAINMENT_MATRIX"": 0.08697138292747317, ""EVOLUTIONARY_SEARCH_LOOP"": 0.06828032460927369}"
LAPIS_WORLD_REWRITER,bfb4d3a400c6b6f9,0.20532583,GPT_TRANSFORMER_ENGINE=29.05%; KNOWLEDGE_GRAPH_MEMORY=13.55%; REPRODUCIBLE_SCENE_PROTOCOL=12.76%; LOW_NOISE_MEMORY_FIELD=12.43%; ACTIVE_LEARNING_AUTOLAB=9.92%; SAFE_CONTAINMENT_MATRIX=9.32%; CLEAN_CANVAS_SURFACE=7.94%; EXPERT_REVIEW_GATE=5.03%,mutated,PASSED,OK,0.467993,0.422582,0.621789,0.502281,0.532296,0.584151,0.579296,0.505517,0.837227,0.205326,0.299926,0.444235,0.386047,ADSORBENT_CORE CLOSED_LOOP DEMIURGE_LAYER EXPERT_VALIDATION_REQUIRED HYDROGEL_NETWORK LAMINATED LOW_HAZARD_GATE PHOTOCATALYTIC_SURFACE RULE_REWRITE SEARCH_SPACE_EDITOR SELF_HEALING_LAYER WORLD_MODEL,"{""ACTIVE_LEARNING_AUTOLAB"": 0.0992031425790432, ""CLEAN_CANVAS_SURFACE"": 0.07941763663662327, ""EXPERT_REVIEW_GATE"": 0.05025352918658418, ""GPT_TRANSFORMER_ENGINE"": 0.2905043697421398, ""KNOWLEDGE_GRAPH_MEMORY"": 0.1355237216037002, ""LOW_NOISE_MEMORY_FIELD"": 0.12428660900993782, ""REPRODUCIBLE_SCENE_PROTOCOL"": 0.12758732921082885, ""SAFE_CONTAINMENT_MATRIX"": 0.09322366203114273}"
LAPIS_WORLD_REWRITER,d64216f56eeb7147,0.20511252,GPT_TRANSFORMER_ENGINE=22.68%; ACTIVE_LEARNING_AUTOLAB=21.19%; REPRODUCIBLE_SCENE_PROTOCOL=14.89%; SAFE_CONTAINMENT_MATRIX=10.7%; LOW_NOISE_MEMORY_FIELD=9.53%; KNOWLEDGE_GRAPH_MEMORY=5.7%; BAYESIAN_OPTIMIZER=5.55%; EXPERT_REVIEW_GATE=4.55%; CLEAN_CANVAS_SURFACE=3.92%; JANUS_SYMBOLIC_INTERPRETER=1.3%,mutated,PASSED,OK,0.504111,0.383866,0.603917,0.537614,0.50708,0.569491,0.566892,0.473648,0.831407,0.205113,0.293647,0.433398,0.353758,ADSORBENT_CORE CLOSED_LOOP DEMIURGE_LAYER EXPERT_VALIDATION_REQUIRED HYDROGEL_NETWORK LAMINATED LOW_HAZARD_GATE PHOTOCATALYTIC_SURFACE RULE_REWRITE SEARCH_SPACE_EDITOR SELF_HEALING_LAYER WORLD_MODEL,"{""ACTIVE_LEARNING_AUTOLAB"": 0.21191262331051894, ""BAYESIAN_OPTIMIZER"": 0.055466381306202565, ""CLEAN_CANVAS_SURFACE"": 0.039220343262007684, ""EXPERT_REVIEW_GATE"": 0.045467057550355565, ""GPT_TRANSFORMER_ENGINE"": 0.22679058441440758, ""JANUS_SYMBOLIC_INTERPRETER"": 0.01295585125097101, ""KNOWLEDGE_GRAPH_MEMORY"": 0.05700144400487216, ""LOW_NOISE_MEMORY_FIELD"": 0.09530195098285613, ""REPRODUCIBLE_SCENE_PROTOCOL"": 0.148889903193428, ""SAFE_CONTAINMENT_MATRIX"": 0.10699386072438043}"
LAPIS_WORLD_REWRITER,91319ed97388a000,0.20417314,GPT_TRANSFORMER_ENGINE=22.37%; REPRODUCIBLE_SCENE_PROTOCOL=19.2%; ACTIVE_LEARNING_AUTOLAB=19.03%; SAFE_CONTAINMENT_MATRIX=10.55%; KNOWLEDGE_GRAPH_MEMORY=9.91%; BAYESIAN_OPTIMIZER=5.47%; LOW_NOISE_MEMORY_FIELD=5.39%; CLEAN_CANVAS_SURFACE=4.41%; EXPERT_REVIEW_GATE=3.67%,mutated,PASSED,OK,0.492428,0.390609,0.611963,0.52627,0.514077,0.573703,0.573949,0.479785,0.835481,0.204173,0.290192,0.449494,0.357709,ADSORBENT_CORE CLOSED_LOOP DEMIURGE_LAYER EXPERT_VALIDATION_REQUIRED HYDROGEL_NETWORK LAMINATED LOW_HAZARD_GATE PHOTOCATALYTIC_SURFACE RULE_REWRITE SEARCH_SPACE_EDITOR SELF_HEALING_LAYER WORLD_MODEL,"{""ACTIVE_LEARNING_AUTOLAB"": 0.19032371182170296, ""BAYESIAN_OPTIMIZER"": 0.05471135734489488, ""CLEAN_CANVAS_SURFACE"": 0.04405656455882256, ""EXPERT_REVIEW_GATE"": 0.036678997459365315, ""GPT_TRANSFORMER_ENGINE"": 0.22370344728017552, ""KNOWLEDGE_GRAPH_MEMORY"": 0.0990579631720095, ""LOW_NOISE_MEMORY_FIELD"": 0.05393129153157932, ""REPRODUCIBLE_SCENE_PROTOCOL"": 0.19199923659085688, ""SAFE_CONTAINMENT_MATRIX"": 0.1055374302405931}"
LAPIS_WORLD_REWRITER,64ceab43defb6242,0.2040531,ACTIVE_LEARNING_AUTOLAB=22.63%; GPT_TRANSFORMER_ENGINE=21.38%; REPRODUCIBLE_SCENE_PROTOCOL=18.35%; SAFE_CONTAINMENT_MATRIX=10.08%; KNOWLEDGE_GRAPH_MEMORY=9.47%; BAYESIAN_OPTIMIZER=5.23%; LOW_NOISE_MEMORY_FIELD=5.15%; CLEAN_CANVAS_SURFACE=4.21%; EXPERT_REVIEW_GATE=3.5%,mutated,PASSED,OK,0.507937,0.373238,0.599512,0.542985,0.500847,0.565962,0.563739,0.466898,0.831728,0.204053,0.284402,0.429503,0.3418,ADSORBENT_CORE CLOSED_LOOP DEMIURGE_LAYER EXPERT_VALIDATION_REQUIRED HYDROGEL_NETWORK LAMINATED LOW_HAZARD_GATE PHOTOCATALYTIC_SURFACE RULE_REWRITE SEARCH_SPACE_EDITOR SELF_HEALING_LAYER WORLD_MODEL,"{""ACTIVE_LEARNING_AUTOLAB"": 0.2263327837425858, ""BAYESIAN_OPTIMIZER"": 0.05227815628629155, ""CLEAN_CANVAS_SURFACE"": 0.04209721855234013, ""EXPERT_REVIEW_GATE"": 0.035047757077518636, ""GPT_TRANSFORMER_ENGINE"": 0.21375459038554528, ""KNOWLEDGE_GRAPH_MEMORY"": 0.09465251698039326, ""LOW_NOISE_MEMORY_FIELD"": 0.05153278266587435, ""REPRODUCIBLE_SCENE_PROTOCOL"": 0.18346037430712858, ""SAFE_CONTAINMENT_MATRIX"": 0.10084382000232239}"
LAPIS_LIFE,752ee2d586bb8e08,0.19899029,SAFE_CONTAINMENT_MATRIX=51.35%; LOW_NOISE_MEMORY_FIELD=44.15%; CHITOSAN_BINDER=4.02%; KOMBUCHA_FERMENTATION_TOKEN=0.38%; MANGANESE_DIOXIDE_SAFE_TOKEN=0.1%,mutated,PASSED,OK,0.390276,0.807553,0.87545,0.087183,0.831371,0.759138,0.850459,0.79202,0.910492,0.19899,0.595174,0.871054,0.798077,ANIMA_BIO EXPERT_VALIDATION_REQUIRED LAMINATED LOW_HAZARD_GATE RULE_REWRITE SELF_HEALING_LAYER,"{""CHITOSAN_BINDER"": 0.04017726772572238, ""LOW_NOISE_MEMORY_FIELD"": 0.44151156540721237, ""MANGANESE_DIOXIDE_SAFE_TOKEN"": 0.0010327576780200579, ""SAFE_CONTAINMENT_MATRIX"": 0.513491733311112, ""KOMBUCHA_FERMENTATION_TOKEN"": 0.0037866758779332827}"
LAPIS_LIFE,53ccd5aaa63c48e4,0.19848194,LOW_NOISE_MEMORY_FIELD=55.65%; SAFE_CONTAINMENT_MATRIX=39.02%; CHITOSAN_BINDER=4.44%; KOMBUCHA_FERMENTATION_TOKEN=0.75%; MANGANESE_DIOXIDE_SAFE_TOKEN=0.14%,mutated,PASSED,OK,0.391638,0.812029,0.869705,0.103507,0.830899,0.760104,0.837299,0.804563,0.905414,0.198482,0.611405,0.850074,0.836312,ANIMA_BIO EXPERT_VALIDATION_REQUIRED LAMINATED LOW_HAZARD_GATE RULE_REWRITE SELF_HEALING_LAYER,"{""CHITOSAN_BINDER"": 0.044382693229679755, ""LOW_NOISE_MEMORY_FIELD"": 0.5564944979410511, ""MANGANESE_DIOXIDE_SAFE_TOKEN"": 0.0014207897833504253, ""SAFE_CONTAINMENT_MATRIX"": 0.39023909063840023, ""KOMBUCHA_FERMENTATION_TOKEN"": 0.007462928407518443}"
LAPIS_LIFE,9d719cc0bc84672b,0.19509086,LOW_NOISE_MEMORY_FIELD=56.52%; SAFE_CONTAINMENT_MATRIX=36.79%; CHITOSAN_BINDER=5.86%; KOMBUCHA_FERMENTATION_TOKEN=0.73%; MANGANESE_DIOXIDE_SAFE_TOKEN=0.11%,mutated,PASSED,OK,0.393908,0.802492,0.862191,0.104744,0.82406,0.75557,0.832897,0.798659,0.903505,0.195091,0.605594,0.838465,0.830603,ANIMA_BIO EXPERT_VALIDATION_REQUIRED LAMINATED LOW_HAZARD_GATE RULE_REWRITE SELF_HEALING_LAYER,"{""CHITOSAN_BINDER"": 0.05857804975403965, ""LOW_NOISE_MEMORY_FIELD"": 0.5652058173462436, ""MANGANESE_DIOXIDE_SAFE_TOKEN"": 0.0011032790033341214, ""SAFE_CONTAINMENT_MATRIX"": 0.3678621369338187, ""KOMBUCHA_FERMENTATION_TOKEN"": 0.007250716962563975}"
LAPIS_CATALYST,5876be65687584cd,0.18368083,REPRODUCIBLE_SCENE_PROTOCOL=61.92%; CREATIVE_POTENTIAL_SEED=20.4%; SIGNAL_CLARITY_GATE=10.68%; TITANIUM_DIOXIDE_SAFE_TOKEN=6.37%; CHITOSAN_BINDER=0.63%,mutated,PASSED,OK,0.330206,0.87773,0.904817,0.036142,0.866099,0.774301,0.821824,0.860023,0.908705,0.183681,0.662823,0.83285,0.909537,ADSORBENT_CORE CLOSED_LOOP EXPERT_VALIDATION_REQUIRED LAMINATED LOW_HAZARD_GATE PHOTOCATALYTIC_SURFACE RULE_REWRITE,"{""CHITOSAN_BINDER"": 0.006319286829279677, ""REPRODUCIBLE_SCENE_PROTOCOL"": 0.6192360054048576, ""CREATIVE_POTENTIAL_SEED"": 0.20395087534751244, ""TITANIUM_DIOXIDE_SAFE_TOKEN"": 0.06370325072066288, ""SIGNAL_CLARITY_GATE"": 0.10679058169768742}"
LAPIS_CATALYST,13f6d25c83466863,0.17802663,REPRODUCIBLE_SCENE_PROTOCOL=56.5%; SIGNAL_CLARITY_GATE=17.11%; CREATIVE_POTENTIAL_SEED=16.82%; TITANIUM_DIOXIDE_SAFE_TOKEN=8.6%; CHITOSAN_BINDER=0.97%,mutated,PASSED,OK,0.339877,0.852542,0.879911,0.034102,0.846876,0.761592,0.80932,0.845729,0.903634,0.178027,0.641759,0.783521,0.885221,ADSORBENT_CORE CLOSED_LOOP EXPERT_VALIDATION_REQUIRED LAMINATED LOW_HAZARD_GATE PHOTOCATALYTIC_SURFACE RULE_REWRITE,"{""CHITOSAN_BINDER"": 0.009686192429899224, ""REPRODUCIBLE_SCENE_PROTOCOL"": 0.5650395540526088, ""CREATIVE_POTENTIAL_SEED"": 0.1682178949226019, ""TITANIUM_DIOXIDE_SAFE_TOKEN"": 0.08600106050328446, ""SIGNAL_CLARITY_GATE"": 0.17105529809160577}"
LAPIS_CATALYST,9b4ad5b47e6da904,0.17730134,REPRODUCIBLE_SCENE_PROTOCOL=61.19%; CREATIVE_POTENTIAL_SEED=22.97%; TITANIUM_DIOXIDE_SAFE_TOKEN=9.32%; SIGNAL_CLARITY_GATE=5.29%; CHITOSAN_BINDER=1.22%,crossover,PASSED,OK,0.342432,0.842912,0.886392,0.037615,0.844165,0.759124,0.817792,0.829562,0.904104,0.177301,0.643702,0.819768,0.872539,ADSORBENT_CORE CLOSED_LOOP EXPERT_VALIDATION_REQUIRED LAMINATED LOW_HAZARD_GATE PHOTOCATALYTIC_SURFACE RULE_REWRITE WORLD_MODEL,"{""CHITOSAN_BINDER"": 0.012213878540141688, ""CREATIVE_POTENTIAL_SEED"": 0.2297450237851186, ""REPRODUCIBLE_SCENE_PROTOCOL"": 0.611899742776177, ""SIGNAL_CLARITY_GATE"": 0.05293793542896693, ""TITANIUM_DIOXIDE_SAFE_TOKEN"": 0.0932034194695959}"
LAPIS_CATALYST,efc857e834af3f38,0.17666992,REPRODUCIBLE_SCENE_PROTOCOL=58.07%; CREATIVE_POTENTIAL_SEED=27.03%; SIGNAL_CLARITY_GATE=8.83%; TITANIUM_DIOXIDE_SAFE_TOKEN=5.07%; CHITOSAN_BINDER=1.0%,mutated,PASSED,OK,0.323363,0.874795,0.903772,0.039931,0.862853,0.771358,0.818872,0.853972,0.905473,0.17667,0.690287,0.83751,0.90956,ADSORBENT_CORE CLOSED_LOOP EXPERT_VALIDATION_REQUIRED LAMINATED LOW_HAZARD_GATE PHOTOCATALYTIC_SURFACE RULE_REWRITE,"{""CHITOSAN_BINDER"": 0.009955237023705227, ""REPRODUCIBLE_SCENE_PROTOCOL"": 0.5807341459580052, ""CREATIVE_POTENTIAL_SEED"": 0.2703239968419365, ""TITANIUM_DIOXIDE_SAFE_TOKEN"": 0.05072348856558051, ""SIGNAL_CLARITY_GATE"": 0.08826313161077261}"
LAPIS_ENERGY,d29c84b4c902ba3c,0.17473022,REPRODUCIBLE_SCENE_PROTOCOL=61.86%; LOW_NOISE_MEMORY_FIELD=20.46%; SAFE_CONTAINMENT_MATRIX=13.03%; TITANIUM_DIOXIDE_SAFE_TOKEN=2.95%; ACTIVATED_CARBON_SAFE=1.69%,mutated,PASSED,OK,0.276061,0.905691,0.938661,0.053553,0.897304,0.801224,0.859923,0.884942,0.926933,0.17473,0.601272,0.91565,0.929846,ADSORBENT_CORE ANIMA_BIO BIOMINERALIZED EXPERT_VALIDATION_REQUIRED LAMINATED LOW_HAZARD_GATE SELF_HEALING_LAYER STONE_BODY,"{""ACTIVATED_CARBON_SAFE"": 0.016888218196716806, ""LOW_NOISE_MEMORY_FIELD"": 0.20463937798873844, ""REPRODUCIBLE_SCENE_PROTOCOL"": 0.6186202676957315, ""TITANIUM_DIOXIDE_SAFE_TOKEN"": 0.029505722386684398, ""SAFE_CONTAINMENT_MATRIX"": 0.1303464137321288}"
LAPIS_ENERGY,c34e892f41532c35,0.17468852,REPRODUCIBLE_SCENE_PROTOCOL=61.74%; LOW_NOISE_MEMORY_FIELD=22.18%; SAFE_CONTAINMENT_MATRIX=10.87%; ACTIVATED_CARBON_SAFE=2.69%; TITANIUM_DIOXIDE_SAFE_TOKEN=2.52%,mutated,PASSED,OK,0.277908,0.90519,0.937249,0.055996,0.895933,0.800228,0.857141,0.884151,0.925785,0.174689,0.601194,0.90807,0.932178,ADSORBENT_CORE ANIMA_BIO BIOMINERALIZED EXPERT_VALIDATION_REQUIRED LAMINATED LOW_HAZARD_GATE PHOTOCATALYTIC_SURFACE SELF_HEALING_LAYER STONE_BODY,"{""ACTIVATED_CARBON_SAFE"": 0.026873686725451918, ""LOW_NOISE_MEMORY_FIELD"": 0.22184159963198552, ""REPRODUCIBLE_SCENE_PROTOCOL"": 0.6173762079461237, ""TITANIUM_DIOXIDE_SAFE_TOKEN"": 0.025213695230795405, ""SAFE_CONTAINMENT_MATRIX"": 0.10869481046564353}"
LAPIS_ENERGY,2984a64710951296,0.1736258,REPRODUCIBLE_SCENE_PROTOCOL=61.97%; LOW_NOISE_MEMORY_FIELD=15.06%; SAFE_CONTAINMENT_MATRIX=14.61%; TITANIUM_DIOXIDE_SAFE_TOKEN=5.93%; ACTIVATED_CARBON_SAFE=2.43%,mutated,PASSED,OK,0.292846,0.876891,0.92156,0.045877,0.877363,0.786305,0.854559,0.856443,0.923326,0.173626,0.571531,0.886455,0.88513,ANIMA_BIO BIOMINERALIZED EXPERT_VALIDATION_REQUIRED LAMINATED LOW_HAZARD_GATE SELF_HEALING_LAYER STONE_BODY,"{""ACTIVATED_CARBON_SAFE"": 0.024334231607379853, ""LOW_NOISE_MEMORY_FIELD"": 0.15057079351511868, ""REPRODUCIBLE_SCENE_PROTOCOL"": 0.6197080442250217, ""TITANIUM_DIOXIDE_SAFE_TOKEN"": 0.05927461953734538, ""SAFE_CONTAINMENT_MATRIX"": 0.14611231111513448}"
LAPIS_BIOMINERAL,e8632cc7d78a7cae,0.15368515,LOW_NOISE_MEMORY_FIELD=56.95%; SAFE_CONTAINMENT_MATRIX=35.53%; ALGINATE_HYDROGEL=4.07%; BIOMINERALIZATION_MICROBE_TOKEN=1.84%; SILICA_BIOSILICA_SAFE=1.6%,mutated,PASSED,OK,0.316771,0.795631,0.855759,0.105358,0.818515,0.751611,0.829235,0.793436,0.900887,0.153685,0.601946,0.826862,0.826836,ADSORBENT_CORE EXPERT_VALIDATION_REQUIRED LAMINATED LOW_HAZARD_GATE RULE_REWRITE STONE_BODY,"{""ALGINATE_HYDROGEL"": 0.040718781420363837, ""LOW_NOISE_MEMORY_FIELD"": 0.5695294502957292, ""SILICA_BIOSILICA_SAFE"": 0.016016552126332784, ""BIOMINERALIZATION_MICROBE_TOKEN"": 0.01839373730913201, ""SAFE_CONTAINMENT_MATRIX"": 0.35534147884844225}"
LAPIS_BIOMINERAL,62e2860532ea11cf,0.15144665,LOW_NOISE_MEMORY_FIELD=53.05%; SAFE_CONTAINMENT_MATRIX=33.1%; ALGINATE_HYDROGEL=5.57%; REPRODUCIBLE_SCENE_PROTOCOL=4.17%; BIOMINERALIZATION_MICROBE_TOKEN=2.31%; SILICA_BIOSILICA_SAFE=1.79%,mutated,PASSED,OK,0.320703,0.783773,0.848213,0.099823,0.810502,0.745559,0.825576,0.784447,0.899668,0.151447,0.586586,0.815148,0.812756,ADSORBENT_CORE EXPERT_VALIDATION_REQUIRED LAMINATED LOW_HAZARD_GATE PHOTOCATALYTIC_SURFACE RULE_REWRITE STONE_BODY,"{""ALGINATE_HYDROGEL"": 0.0557167334680472, ""LOW_NOISE_MEMORY_FIELD"": 0.5305464766570239, ""SILICA_BIOSILICA_SAFE"": 0.017948956278946944, ""BIOMINERALIZATION_MICROBE_TOKEN"": 0.023087204662760215, ""SAFE_CONTAINMENT_MATRIX"": 0.33101917647146323, ""REPRODUCIBLE_SCENE_PROTOCOL"": 0.041681452461758604}"
LAPIS_UNIVERSAL,40bf40c4ae4b7a07,0.13948832,REPRODUCIBLE_SCENE_PROTOCOL=61.77%; SAFE_CONTAINMENT_MATRIX=19.64%; CLEAN_CANVAS_SURFACE=7.97%; SIGNAL_CLARITY_GATE=6.27%; CHITOSAN_BINDER=4.35%,mutated,PASSED,OK,0.223345,0.902737,0.925181,0.0245,0.891685,0.795415,0.855242,0.883579,0.926864,0.139488,0.600794,0.888468,0.885221,ADSORBENT_CORE BIOMINERALIZED CLOSED_LOOP EXPERT_VALIDATION_REQUIRED HYDROGEL_NETWORK LAMINATED LOW_HAZARD_GATE RULE_REWRITE STONE_BODY WORLD_MODEL,"{""CHITOSAN_BINDER"": 0.04348322893248949, ""CLEAN_CANVAS_SURFACE"": 0.07973968670912696, ""REPRODUCIBLE_SCENE_PROTOCOL"": 0.6176630053436304, ""SIGNAL_CLARITY_GATE"": 0.06267558279187989, ""SAFE_CONTAINMENT_MATRIX"": 0.19643849622287324}"
LAPIS_UNIVERSAL,6b3b858448d70864,0.13855947,REPRODUCIBLE_SCENE_PROTOCOL=61.97%; SAFE_CONTAINMENT_MATRIX=16.04%; SIGNAL_CLARITY_GATE=12.16%; CLEAN_CANVAS_SURFACE=5.35%; CHITOSAN_BINDER=4.48%,mutated,PASSED,OK,0.222652,0.906817,0.924607,0.0245,0.892088,0.79519,0.84856,0.888368,0.925393,0.138559,0.604672,0.871462,0.898559,ADSORBENT_CORE BIOMINERALIZED CLOSED_LOOP CONDUCTIVE_TRACE EXPERT_VALIDATION_REQUIRED HYDROGEL_NETWORK LAMINATED LOW_HAZARD_GATE RULE_REWRITE STONE_BODY WORLD_MODEL,"{""CHITOSAN_BINDER"": 0.04480253762551641, ""CLEAN_CANVAS_SURFACE"": 0.05348177084015888, ""REPRODUCIBLE_SCENE_PROTOCOL"": 0.6197295818634666, ""SIGNAL_CLARITY_GATE"": 0.12156235753153566, ""SAFE_CONTAINMENT_MATRIX"": 0.16042375213932253}"
LAPIS_UNIVERSAL,0ac3cafca17382df,0.13833694,REPRODUCIBLE_SCENE_PROTOCOL=61.96%; CLEAN_CANVAS_SURFACE=13.32%; SAFE_CONTAINMENT_MATRIX=11.98%; SIGNAL_CLARITY_GATE=7.61%; CHITOSAN_BINDER=5.13%,mutated,PASSED,OK,0.223871,0.912466,0.918662,0.0245,0.891493,0.794487,0.84194,0.892903,0.922013,0.138337,0.614401,0.853835,0.893364,ADSORBENT_CORE BIOMINERALIZED CLOSED_LOOP EXPERT_VALIDATION_REQUIRED HYDROGEL_NETWORK LAMINATED LOW_HAZARD_GATE RULE_REWRITE STONE_BODY WORLD_MODEL,"{""CHITOSAN_BINDER"": 0.05127151008975864, ""CLEAN_CANVAS_SURFACE"": 0.13320045983187773, ""REPRODUCIBLE_SCENE_PROTOCOL"": 0.6196018313744366, ""SIGNAL_CLARITY_GATE"": 0.07611549872938508, ""SAFE_CONTAINMENT_MATRIX"": 0.11981069997454191}"
LAPIS_UNIVERSAL,bb4ffedcf6a5e70d,0.13748264,REPRODUCIBLE_SCENE_PROTOCOL=61.23%; SIGNAL_CLARITY_GATE=13.7%; CLEAN_CANVAS_SURFACE=10.81%; SAFE_CONTAINMENT_MATRIX=9.45%; CHITOSAN_BINDER=4.82%,mutated,PASSED,OK,0.222618,0.917502,0.918506,0.0245,0.892685,0.794907,0.836082,0.89865,0.92077,0.137483,0.620648,0.838507,0.907025,ADSORBENT_CORE BIOMINERALIZED CLOSED_LOOP EXPERT_VALIDATION_REQUIRED HYDROGEL_NETWORK LAMINATED LOW_HAZARD_GATE RULE_REWRITE STONE_BODY WORLD_MODEL,"{""CHITOSAN_BINDER"": 0.04815658984031454, ""CLEAN_CANVAS_SURFACE"": 0.10813413912944697, ""REPRODUCIBLE_SCENE_PROTOCOL"": 0.6122693285868913, ""SIGNAL_CLARITY_GATE"": 0.13696791543082174, ""SAFE_CONTAINMENT_MATRIX"": 0.0944720270125255}"
LAPIS_UNIVERSAL,e82043944ea6fd09,0.13744022,REPRODUCIBLE_SCENE_PROTOCOL=61.46%; SAFE_CONTAINMENT_MATRIX=14.03%; CLEAN_CANVAS_SURFACE=9.97%; SIGNAL_CLARITY_GATE=9.03%; CHITOSAN_BINDER=5.51%,crossover,PASSED,OK,0.224306,0.905136,0.918688,0.0245,0.888354,0.792308,0.843963,0.88563,0.922808,0.13744,0.60542,0.858212,0.887957,ADSORBENT_CORE BIOMINERALIZED CLOSED_LOOP EXPERT_VALIDATION_REQUIRED HYDROGEL_NETWORK LAMINATED LOW_HAZARD_GATE PHOTOCATALYTIC_SURFACE RULE_REWRITE STONE_BODY WORLD_MODEL,"{""CHITOSAN_BINDER"": 0.055058870143403646, ""CLEAN_CANVAS_SURFACE"": 0.09973464286305592, ""REPRODUCIBLE_SCENE_PROTOCOL"": 0.6145816836972184, ""SAFE_CONTAINMENT_MATRIX"": 0.14032844759998808, ""SIGNAL_CLARITY_GATE"": 0.09029635569633393}"
LAPIS_UNIVERSAL,840d83d463a4e7b4,0.13739499,REPRODUCIBLE_SCENE_PROTOCOL=61.58%; CLEAN_CANVAS_SURFACE=12.14%; SAFE_CONTAINMENT_MATRIX=11.95%; SIGNAL_CLARITY_GATE=8.72%; CHITOSAN_BINDER=5.6%,crossover,PASSED,OK,0.224376,0.90883,0.91711,0.0245,0.888944,0.792552,0.840666,0.889169,0.921535,0.137395,0.610455,0.849779,0.890297,ADSORBENT_CORE BIOMINERALIZED CLOSED_LOOP CONDUCTIVE_TRACE EXPERT_VALIDATION_REQUIRED HYDROGEL_NETWORK LAMINATED LOW_HAZARD_GATE RULE_REWRITE STONE_BODY WORLD_MODEL,"{""CHITOSAN_BINDER"": 0.056039265201020434, ""CLEAN_CANVAS_SURFACE"": 0.12144682106982257, ""REPRODUCIBLE_SCENE_PROTOCOL"": 0.6157708886098847, ""SAFE_CONTAINMENT_MATRIX"": 0.11949611989067951, ""SIGNAL_CLARITY_GATE"": 0.08724690522859282}"
LAPIS_UNIVERSAL,6a552ee723712d0d,0.13731799,REPRODUCIBLE_SCENE_PROTOCOL=55.79%; LOW_NOISE_MEMORY_FIELD=11.3%; CLEAN_CANVAS_SURFACE=10.5%; SAFE_CONTAINMENT_MATRIX=10.36%; SIGNAL_CLARITY_GATE=7.12%; CHITOSAN_BINDER=4.94%,mutated,PASSED,OK,0.2245,0.910247,0.918107,0.040541,0.889634,0.794256,0.838798,0.891385,0.919554,0.137318,0.621939,0.853384,0.909329,ADSORBENT_CORE BIOMINERALIZED CLOSED_LOOP EXPERT_VALIDATION_REQUIRED HYDROGEL_NETWORK LAMINATED LOW_HAZARD_GATE RULE_REWRITE STONE_BODY WORLD_MODEL,"{""CHITOSAN_BINDER"": 0.04938611220105858, ""CLEAN_CANVAS_SURFACE"": 0.10501752871773762, ""REPRODUCIBLE_SCENE_PROTOCOL"": 0.5578660996454186, ""SIGNAL_CLARITY_GATE"": 0.07118384351889263, ""SAFE_CONTAINMENT_MATRIX"": 0.10356300377697543, ""LOW_NOISE_MEMORY_FIELD"": 0.11298341213991721}"
LAPIS_UNIVERSAL,b4f7308abc1cf78d,0.13660152,REPRODUCIBLE_SCENE_PROTOCOL=57.49%; SAFE_CONTAINMENT_MATRIX=10.81%; CLEAN_CANVAS_SURFACE=10.72%; SIGNAL_CLARITY_GATE=8.48%; LOW_NOISE_MEMORY_FIELD=7.03%; CHITOSAN_BINDER=5.48%,crossover,PASSED,OK,0.224744,0.907142,0.915792,0.034481,0.887396,0.792195,0.838141,0.88851,0.919749,0.136602,0.616032,0.847821,0.900098,ADSORBENT_CORE BIOMINERALIZED CLOSED_LOOP EXPERT_VALIDATION_REQUIRED HYDROGEL_NETWORK LAMINATED LOW_HAZARD_GATE RULE_REWRITE STONE_BODY WORLD_MODEL,"{""CHITOSAN_BINDER"": 0.05477754189509017, ""CLEAN_CANVAS_SURFACE"": 0.10719466425736812, ""LOW_NOISE_MEMORY_FIELD"": 0.07030384974293871, ""REPRODUCIBLE_SCENE_PROTOCOL"": 0.5748787393879005, ""SAFE_CONTAINMENT_MATRIX"": 0.10808495544658797, ""SIGNAL_CLARITY_GATE"": 0.08476024927011455}"
LAPIS_UNIVERSAL,5a3584d4927d7533,0.13655976,REPRODUCIBLE_SCENE_PROTOCOL=59.0%; SIGNAL_CLARITY_GATE=16.13%; SAFE_CONTAINMENT_MATRIX=15.27%; CLEAN_CANVAS_SURFACE=5.09%; CHITOSAN_BINDER=4.5%,mutated,PASSED,OK,0.222185,0.907133,0.920445,0.0245,0.889612,0.793052,0.842374,0.888494,0.923096,0.13656,0.609446,0.852929,0.899285,ADSORBENT_CORE BIOMINERALIZED CLOSED_LOOP CONDUCTIVE_TRACE EXPERT_VALIDATION_REQUIRED HYDROGEL_NETWORK LAMINATED LOW_HAZARD_GATE RULE_REWRITE SELF_HEALING_LAYER STONE_BODY WORLD_MODEL,"{""CHITOSAN_BINDER"": 0.04496556916254346, ""CLEAN_CANVAS_SURFACE"": 0.05091986096459737, ""REPRODUCIBLE_SCENE_PROTOCOL"": 0.5900429931246839, ""SIGNAL_CLARITY_GATE"": 0.16133252143964194, ""SAFE_CONTAINMENT_MATRIX"": 0.15273905530853338}"
LAPIS_UNIVERSAL,f0d0fe8b3227f24b,0.13646832,REPRODUCIBLE_SCENE_PROTOCOL=61.1%; SAFE_CONTAINMENT_MATRIX=15.82%; SIGNAL_CLARITY_GATE=11.99%; CHITOSAN_BINDER=5.82%; CLEAN_CANVAS_SURFACE=5.27%,mutated,PASSED,OK,0.224461,0.898148,0.919426,0.0245,0.885531,0.790296,0.845575,0.878974,0.923758,0.136468,0.596174,0.861744,0.88593,ADSORBENT_CORE BIOMINERALIZED CLOSED_LOOP CONDUCTIVE_TRACE EXPERT_VALIDATION_REQUIRED HYDROGEL_NETWORK LAMINATED LOW_HAZARD_GATE RULE_REWRITE SELF_HEALING_LAYER STONE_BODY WORLD_MODEL,"{""CHITOSAN_BINDER"": 0.05822744234625368, ""CLEAN_CANVAS_SURFACE"": 0.05273010670147846, ""REPRODUCIBLE_SCENE_PROTOCOL"": 0.6110195392629999, ""SIGNAL_CLARITY_GATE"": 0.11985384894375922, ""SAFE_CONTAINMENT_MATRIX"": 0.15816906274550874}"
LAPIS_UNIVERSAL,19fe7d8ad4488a20,0.13626633,REPRODUCIBLE_SCENE_PROTOCOL=60.82%; SIGNAL_CLARITY_GATE=14.86%; SAFE_CONTAINMENT_MATRIX=12.26%; CLEAN_CANVAS_SURFACE=6.54%; CHITOSAN_BINDER=5.52%,crossover,PASSED,OK,0.223557,0.906211,0.918082,0.0245,0.887751,0.79152,0.839181,0.88753,0.921869,0.136266,0.606865,0.845412,0.89753,ADSORBENT_CORE BIOMINERALIZED CLOSED_LOOP EXPERT_VALIDATION_REQUIRED HYDROGEL_NETWORK LAMINATED LOW_HAZARD_GATE PHOTOCATALYTIC_SURFACE RULE_REWRITE SELF_HEALING_LAYER STONE_BODY WORLD_MODEL,"{""CHITOSAN_BINDER"": 0.05523645795409188, ""CLEAN_CANVAS_SURFACE"": 0.06544081683229389, ""REPRODUCIBLE_SCENE_PROTOCOL"": 0.6081735977259601, ""SAFE_CONTAINMENT_MATRIX"": 0.12257131187269321, ""SIGNAL_CLARITY_GATE"": 0.148577815614961}"
LAPIS_BIOMINERAL,4791168e7fb17b45,0.00985027,MAGNESIUM_PHOSPHATE_SAFE=38.72%; CALCIUM_CARBONATE_BIOMINERAL=18.67%; ZEOLITE_SAFE=14.86%; CLAY_PLATELET_BARRIER=11.28%; SILICA_BIOSILICA_SAFE=10.02%; PVA_FILM=6.46%,random,REVIEW,HYPOTHESIS_VISIBILITY_LOW; SCENE_VIABILITY_LOW,0.568167,0.005813,0.320135,0.0245,0.28856,0.388026,0.641003,0.187288,0.80719,0.015888,0,0,0,ANIMA_BIO BIOMINERALIZED EXPERT_VALIDATION_REQUIRED LOW_HAZARD_GATE SELF_HEALING_LAYER,"{""PVA_FILM"": 0.064587290971187, ""CALCIUM_CARBONATE_BIOMINERAL"": 0.18665933990110486, ""CLAY_PLATELET_BARRIER"": 0.11276957519095498, ""ZEOLITE_SAFE"": 0.1485550687963029, ""MAGNESIUM_PHOSPHATE_SAFE"": 0.38722835051788845, ""SILICA_BIOSILICA_SAFE"": 0.10020037462256175}"
