rank,archetype,score,hash16,formula_percent,source,process_tags,transformation,purification,self_healing,structure_strength,durability,bio_safety,energy_conversion,biomineralization,accessibility,testability,low_hazard,rule_rewriting,autocatalysis,closed_loop_learning,generativity,programmability,world_modeling,agency,feedback_gain,raw_density,matrix_like,mineral_like,sorbent_like,catalyst_like,energy_like,bio_process_like,engine_like,closed_loop_like,rule_editor_like,memory_like,components_json,notes_json
1,LAPIS_UNIVERSAL,0.47106423,c8a4c3c28814acea,TITANIUM_DIOXIDE_SAFE_TOKEN=33.75%; ACTIVATED_CARBON_SAFE=20.77%; POLYDOPAMINE_SAFE_TOKEN=15.67%; DIATOM_BIOSILICA_TOKEN=15.19%; CLAY_PLATELET_BARRIER=14.61%,mutated,ADSORBENT_CORE ANIMA_BIO EXPERT_VALIDATION_REQUIRED LOW_HAZARD_GATE SELF_HEALING_LAYER,0.632523,0.765108,0.19502,0.56395,0.897189,0.738921,0.467801,0.257834,0.652457,0.688937,0.740404,0.035,0.0175,0.0245,0.0245,0.0175,0.021,0.0175,0.0245,2.596913,0.1567,0.44413,0.415482,0.675078,0,0.15191,0,0,0,0,"{""DIATOM_BIOSILICA_TOKEN"": 0.1519100105239135, ""TITANIUM_DIOXIDE_SAFE_TOKEN"": 0.3375389650011789, ""CLAY_PLATELET_BARRIER"": 0.14610995538805904, ""ACTIVATED_CARBON_SAFE"": 0.20774123995345942, ""POLYDOPAMINE_SAFE_TOKEN"": 0.1566998291333891}","{""archetype"": ""LAPIS_UNIVERSAL"", ""archetype_description"": ""balanced modern philosopher-stone analogue"", ""rejected"": false, ""reject_reason"": """", ""boundary"": ""Research vector only, not a synthesis protocol."", ""literal_transmutation_claim"": false, ""elixir_claim"": false, ""hazardous_synthesis_protocol"": false, ""certified_material_claim"": false, ""dangerous_chemistry_instructions"": false, ""demiurge_layer"": false}"
2,LAPIS_UNIVERSAL,0.46993194,9c3dab59410301b7,TITANIUM_DIOXIDE_SAFE_TOKEN=33.91%; DIATOM_BIOSILICA_TOKEN=19.88%; ACTIVATED_CARBON_SAFE=18.58%; CLAY_PLATELET_BARRIER=14.68%; POLYDOPAMINE_SAFE_TOKEN=12.95%,mutated,ADSORBENT_CORE ANIMA_BIO EXPERT_VALIDATION_REQUIRED LOW_HAZARD_GATE SELF_HEALING_LAYER,0.622961,0.754109,0.181802,0.56395,0.900589,0.74346,0.462663,0.319727,0.638226,0.678143,0.743763,0.035,0.0175,0.0245,0.0245,0.0175,0.021,0.0175,0.0245,2.609999,0.129511,0.492354,0.371615,0.678245,0,0.198764,0,0,0,0,"{""DIATOM_BIOSILICA_TOKEN"": 0.1987636023500794, ""TITANIUM_DIOXIDE_SAFE_TOKEN"": 0.3391223552392105, ""CLAY_PLATELET_BARRIER"": 0.14679535500418892, ""ACTIVATED_CARBON_SAFE"": 0.1858073416622182, ""POLYDOPAMINE_SAFE_TOKEN"": 0.12951134574430298}","{""archetype"": ""LAPIS_UNIVERSAL"", ""archetype_description"": ""balanced modern philosopher-stone analogue"", ""rejected"": false, ""reject_reason"": """", ""boundary"": ""Research vector only, not a synthesis protocol."", ""literal_transmutation_claim"": false, ""elixir_claim"": false, ""hazardous_synthesis_protocol"": false, ""certified_material_claim"": false, ""dangerous_chemistry_instructions"": false, ""demiurge_layer"": false}"
3,LAPIS_UNIVERSAL,0.46799616,33ac9b6dc412319e,TITANIUM_DIOXIDE_SAFE_TOKEN=30.66%; DIATOM_BIOSILICA_TOKEN=26.18%; ACTIVATED_CARBON_SAFE=19.8%; POLYDOPAMINE_SAFE_TOKEN=8.23%; ZEOLITE_SAFE=7.65%; CLAY_PLATELET_BARRIER=7.49%,mutated,ADSORBENT_CORE ANIMA_BIO EXPERT_VALIDATION_REQUIRED LOW_HAZARD_GATE SELF_HEALING_LAYER,0.605284,0.791692,0.151515,0.550203,0.885323,0.751397,0.427755,0.398952,0.620302,0.668474,0.750753,0.035,0.0175,0.0245,0.0245,0.0175,0.021,0.0175,0.0245,2.532638,0.082285,0.487967,0.472478,0.613205,0,0.261781,0,0,0,0,"{""DIATOM_BIOSILICA_TOKEN"": 0.2617805169139851, ""TITANIUM_DIOXIDE_SAFE_TOKEN"": 0.3066024981868677, ""CLAY_PLATELET_BARRIER"": 0.07485563834253643, ""ACTIVATED_CARBON_SAFE"": 0.19800146129590723, ""POLYDOPAMINE_SAFE_TOKEN"": 0.08228509968610744, ""ZEOLITE_SAFE"": 0.0764747855745961}","{""archetype"": ""LAPIS_UNIVERSAL"", ""archetype_description"": ""balanced modern philosopher-stone analogue"", ""rejected"": false, ""reject_reason"": """", ""boundary"": ""Research vector only, not a synthesis protocol."", ""literal_transmutation_claim"": false, ""elixir_claim"": false, ""hazardous_synthesis_protocol"": false, ""certified_material_claim"": false, ""dangerous_chemistry_instructions"": false, ""demiurge_layer"": false}"
4,LAPIS_UNIVERSAL,0.46790355,a81ee4577e6d0d8d,TITANIUM_DIOXIDE_SAFE_TOKEN=31.94%; DIATOM_BIOSILICA_TOKEN=27.37%; ACTIVATED_CARBON_SAFE=26.3%; POLYDOPAMINE_SAFE_TOKEN=9.21%; CLAY_PLATELET_BARRIER=5.17%,mutated,ADSORBENT_CORE ANIMA_BIO EXPERT_VALIDATION_REQUIRED LOW_HAZARD_GATE SELF_HEALING_LAYER,0.615886,0.777886,0.157647,0.54406,0.881072,0.745677,0.450594,0.395569,0.612427,0.663566,0.743724,0.035,0.0175,0.0245,0.0245,0.0175,0.021,0.0175,0.0245,2.521445,0.092145,0.377166,0.5261,0.638707,0,0.273737,0,0,0,0,"{""DIATOM_BIOSILICA_TOKEN"": 0.27373743583271376, ""TITANIUM_DIOXIDE_SAFE_TOKEN"": 0.3193533784409371, ""CLAY_PLATELET_BARRIER"": 0.051714373023968835, ""ACTIVATED_CARBON_SAFE"": 0.26304979841025794, ""POLYDOPAMINE_SAFE_TOKEN"": 0.0921450142921224}","{""archetype"": ""LAPIS_UNIVERSAL"", ""archetype_description"": ""balanced modern philosopher-stone analogue"", ""rejected"": false, ""reject_reason"": """", ""boundary"": ""Research vector only, not a synthesis protocol."", ""literal_transmutation_claim"": false, ""elixir_claim"": false, ""hazardous_synthesis_protocol"": false, ""certified_material_claim"": false, ""dangerous_chemistry_instructions"": false, ""demiurge_layer"": false}"
5,LAPIS_CATALYST,0.68915558,f9442c9ea36b6549,ZEOLITE_SAFE=60.3%; TITANIUM_DIOXIDE_SAFE_TOKEN=33.17%; CARBON_BLACK_SAFE_TOKEN=3.31%; GRAPHENE_OXIDE_SAFE_TOKEN=1.93%; ZINC_OXIDE_SAFE_TOKEN=1.28%,mutated,CLOSED_LOOP CONDUCTIVE_TRACE EXPERT_VALIDATION_REQUIRED LOW_HAZARD_GATE PHOTOCATALYTIC_SURFACE RULE_REWRITE SELF_HEALING_LAYER,0.708258,0.970243,0.051605,0.528251,0.929006,0.748014,0.463605,0.030092,0.740122,0.771474,0.76875,0.035,0.0175,0.0245,0.0245,0.0175,0.021,0.0175,0.0245,2.829475,0,0.602994,0.655416,0.676319,0.052423,0,0,0,0,0,"{""ZINC_OXIDE_SAFE_TOKEN"": 0.012848430752203491, ""ZEOLITE_SAFE"": 0.6029935116572008, ""GRAPHENE_OXIDE_SAFE_TOKEN"": 0.01932789028323408, ""CARBON_BLACK_SAFE_TOKEN"": 0.03309466586257474, ""TITANIUM_DIOXIDE_SAFE_TOKEN"": 0.3317355014447869}","{""archetype"": ""LAPIS_CATALYST"", ""archetype_description"": ""stone as transformer: catalysis/resource conversion"", ""rejected"": false, ""reject_reason"": """", ""boundary"": ""Research vector only, not a synthesis protocol."", ""literal_transmutation_claim"": false, ""elixir_claim"": false, ""hazardous_synthesis_protocol"": false, ""certified_material_claim"": false, ""dangerous_chemistry_instructions"": false, ""demiurge_layer"": false}"
6,LAPIS_CATALYST,0.68802718,6868185189694f83,ZEOLITE_SAFE=56.53%; TITANIUM_DIOXIDE_SAFE_TOKEN=31.66%; GRAPHENE_OXIDE_SAFE_TOKEN=5.95%; ZINC_OXIDE_SAFE_TOKEN=4.21%; CARBON_BLACK_SAFE_TOKEN=1.66%,mutated,CLOSED_LOOP CONDUCTIVE_TRACE EXPERT_VALIDATION_REQUIRED LOW_HAZARD_GATE PHOTOCATALYTIC_SURFACE RULE_REWRITE SELF_HEALING_LAYER,0.711343,0.945505,0.056998,0.536624,0.927741,0.735564,0.483893,0.030357,0.720238,0.762134,0.75522,0.035,0.0175,0.0245,0.0245,0.0175,0.021,0.0175,0.0245,2.896054,0,0.565261,0.641343,0.675228,0.076081,0,0,0,0,0,"{""ZINC_OXIDE_SAFE_TOKEN"": 0.04208612119813361, ""ZEOLITE_SAFE"": 0.5652614080447518, ""GRAPHENE_OXIDE_SAFE_TOKEN"": 0.059483690812715935, ""CARBON_BLACK_SAFE_TOKEN"": 0.016597750340463194, ""TITANIUM_DIOXIDE_SAFE_TOKEN"": 0.31657102960393546}","{""archetype"": ""LAPIS_CATALYST"", ""archetype_description"": ""stone as transformer: catalysis/resource conversion"", ""rejected"": false, ""reject_reason"": """", ""boundary"": ""Research vector only, not a synthesis protocol."", ""literal_transmutation_claim"": false, ""elixir_claim"": false, ""hazardous_synthesis_protocol"": false, ""certified_material_claim"": false, ""dangerous_chemistry_instructions"": false, ""demiurge_layer"": false}"
7,LAPIS_CATALYST,0.68699448,98e46f915a314005,ZEOLITE_SAFE=55.35%; TITANIUM_DIOXIDE_SAFE_TOKEN=31.0%; ZINC_OXIDE_SAFE_TOKEN=6.0%; GRAPHENE_OXIDE_SAFE_TOKEN=3.83%; CARBON_BLACK_SAFE_TOKEN=3.82%,mutated,CLOSED_LOOP CONDUCTIVE_TRACE EXPERT_VALIDATION_REQUIRED LOW_HAZARD_GATE PHOTOCATALYTIC_SURFACE RULE_REWRITE SELF_HEALING_LAYER,0.709983,0.933559,0.053274,0.530306,0.926673,0.73371,0.490717,0.030158,0.728189,0.763766,0.753656,0.035,0.0175,0.0245,0.0245,0.0175,0.021,0.0175,0.0245,2.943833,0,0.553481,0.629997,0.679976,0.076516,0,0,0,0,0,"{""ZINC_OXIDE_SAFE_TOKEN"": 0.060029259994776825, ""ZEOLITE_SAFE"": 0.5534809794945934, ""GRAPHENE_OXIDE_SAFE_TOKEN"": 0.038309444631680775, ""CARBON_BLACK_SAFE_TOKEN"": 0.038206839800202994, ""TITANIUM_DIOXIDE_SAFE_TOKEN"": 0.309973476078746}","{""archetype"": ""LAPIS_CATALYST"", ""archetype_description"": ""stone as transformer: catalysis/resource conversion"", ""rejected"": false, ""reject_reason"": """", ""boundary"": ""Research vector only, not a synthesis protocol."", ""literal_transmutation_claim"": false, ""elixir_claim"": false, ""hazardous_synthesis_protocol"": false, ""certified_material_claim"": false, ""dangerous_chemistry_instructions"": false, ""demiurge_layer"": false}"
8,LAPIS_CATALYST,0.68583078,d5f329c7486f2f47,ZEOLITE_SAFE=55.8%; TITANIUM_DIOXIDE_SAFE_TOKEN=31.42%; CARBON_BLACK_SAFE_TOKEN=5.66%; ZINC_OXIDE_SAFE_TOKEN=4.18%; GRAPHENE_OXIDE_SAFE_TOKEN=2.95%,crossover,CLOSED_LOOP CONDUCTIVE_TRACE EXPERT_VALIDATION_REQUIRED LOW_HAZARD_GATE PHOTOCATALYTIC_SURFACE RULE_REWRITE SELF_HEALING_LAYER,0.704412,0.938751,0.051984,0.527231,0.923934,0.734061,0.490944,0.029963,0.732261,0.765055,0.754924,0.035,0.0175,0.0245,0.0245,0.0175,0.021,0.0175,0.0245,2.885865,0,0.557979,0.644068,0.670108,0.086089,0,0,0,0,0,"{""CARBON_BLACK_SAFE_TOKEN"": 0.05661849617804382, ""GRAPHENE_OXIDE_SAFE_TOKEN"": 0.02947076481851046, ""TITANIUM_DIOXIDE_SAFE_TOKEN"": 0.31417598351487436, ""ZEOLITE_SAFE"": 0.557979125626583, ""ZINC_OXIDE_SAFE_TOKEN"": 0.04175562986198844}","{""archetype"": ""LAPIS_CATALYST"", ""archetype_description"": ""stone as transformer: catalysis/resource conversion"", ""rejected"": false, ""reject_reason"": """", ""boundary"": ""Research vector only, not a synthesis protocol."", ""literal_transmutation_claim"": false, ""elixir_claim"": false, ""hazardous_synthesis_protocol"": false, ""certified_material_claim"": false, ""dangerous_chemistry_instructions"": false, ""demiurge_layer"": false}"
9,LAPIS_PURIFIER,0.76881389,d9b44128e602a29d,ZEOLITE_SAFE=61.56%; TITANIUM_DIOXIDE_SAFE_TOKEN=27.67%; BIOCHAR_SAFE=5.26%; BACTERIAL_CELLULOSE_MATRIX=4.39%; ENZYME_LACCASE_TOKEN=1.12%,mutated,BIOMINERALIZED EXPERT_VALIDATION_REQUIRED HYDROGEL_NETWORK LOW_HAZARD_GATE PHOTOCATALYTIC_SURFACE SELF_HEALING_LAYER,0.664499,0.997082,0.071229,0.536779,0.896531,0.774701,0.373477,0.047769,0.75785,0.773997,0.794798,0.035,0.0175,0.0245,0.0245,0.0175,0.021,0.0175,0.0245,2.623462,0.043887,0.615574,0.720808,0.575844,0,0,0,0,0,0,"{""BACTERIAL_CELLULOSE_MATRIX"": 0.04388747706543755, ""BIOCHAR_SAFE"": 0.052616879536452256, ""ZEOLITE_SAFE"": 0.6155738220752894, ""ENZYME_LACCASE_TOKEN"": 0.011197590126799037, ""TITANIUM_DIOXIDE_SAFE_TOKEN"": 0.27672423119602174}","{""archetype"": ""LAPIS_PURIFIER"", ""archetype_description"": ""stone as purifier: adsorption/separation/detox"", ""rejected"": false, ""reject_reason"": """", ""boundary"": ""Research vector only, not a synthesis protocol."", ""literal_transmutation_claim"": false, ""elixir_claim"": false, ""hazardous_synthesis_protocol"": false, ""certified_material_claim"": false, ""dangerous_chemistry_instructions"": false, ""demiurge_layer"": false}"
10,LAPIS_PURIFIER,0.76799372,29a70a623c7b16ca,ZEOLITE_SAFE=60.17%; TITANIUM_DIOXIDE_SAFE_TOKEN=27.09%; BIOCHAR_SAFE=6.74%; BACTERIAL_CELLULOSE_MATRIX=4.36%; ENZYME_LACCASE_TOKEN=1.64%,crossover,BIOMINERALIZED CLOSED_LOOP EXPERT_VALIDATION_REQUIRED HYDROGEL_NETWORK LOW_HAZARD_GATE PHOTOCATALYTIC_SURFACE SELF_HEALING_LAYER,0.66384,0.997632,0.071719,0.533376,0.891923,0.774048,0.37178,0.048616,0.757644,0.772743,0.794506,0.035,0.0175,0.0245,0.0245,0.0175,0.021,0.0175,0.0245,2.602971,0.043583,0.60167,0.73654,0.574624,0,0,0,0,0,0,"{""BACTERIAL_CELLULOSE_MATRIX"": 0.04358310677487792, ""BIOCHAR_SAFE"": 0.06743545105843488, ""ENZYME_LACCASE_TOKEN"": 0.016367407595950706, ""TITANIUM_DIOXIDE_SAFE_TOKEN"": 0.2709444698772086, ""ZEOLITE_SAFE"": 0.601669564693528}","{""archetype"": ""LAPIS_PURIFIER"", ""archetype_description"": ""stone as purifier: adsorption/separation/detox"", ""rejected"": false, ""reject_reason"": """", ""boundary"": ""Research vector only, not a synthesis protocol."", ""literal_transmutation_claim"": false, ""elixir_claim"": false, ""hazardous_synthesis_protocol"": false, ""certified_material_claim"": false, ""dangerous_chemistry_instructions"": false, ""demiurge_layer"": false}"
11,LAPIS_PURIFIER,0.55887661,c94f826d10a3d624,CLAY_PLATELET_BARRIER=20.76%; CHITOSAN_BINDER=20.01%; POLYDOPAMINE_SAFE_TOKEN=19.94%; MAGNESIUM_PHOSPHATE_SAFE=19.92%; BACTERIAL_CELLULOSE_MATRIX=10.91%; GELATIN_COLLAGEN_TOKEN=8.46%,random,ADSORBENT_CORE CONDUCTIVE_TRACE EXPERT_VALIDATION_REQUIRED LAMINATED LOW_HAZARD_GATE PHOTOCATALYTIC_SURFACE SELF_HEALING_LAYER,0.247468,0.558253,0.461616,0.697488,0.731215,0.81426,0.091901,0.324356,0.67261,0.686732,0.814437,0.035,0.0175,0.0245,0.0245,0.0175,0.021,0.0175,0.0245,1.826295,0.593216,0.614408,0,0,0,0,0,0,0,0,"{""BACTERIAL_CELLULOSE_MATRIX"": 0.10909840606381456, ""GELATIN_COLLAGEN_TOKEN"": 0.08459621851309694, ""CHITOSAN_BINDER"": 0.2000863766250213, ""MAGNESIUM_PHOSPHATE_SAFE"": 0.1991608901819936, ""CLAY_PLATELET_BARRIER"": 0.20762358563951377, ""POLYDOPAMINE_SAFE_TOKEN"": 0.19943452297655992}","{""archetype"": ""LAPIS_PURIFIER"", ""archetype_description"": ""stone as purifier: adsorption/separation/detox"", ""rejected"": false, ""reject_reason"": """", ""boundary"": ""Research vector only, not a synthesis protocol."", ""literal_transmutation_claim"": false, ""elixir_claim"": false, ""hazardous_synthesis_protocol"": false, ""certified_material_claim"": false, ""dangerous_chemistry_instructions"": false, ""demiurge_layer"": false}"
12,LAPIS_HEALER,0.62964997,dafc13e61264c8c0,ALGINATE_HYDROGEL=62.0%; CHITOSAN_BINDER=25.57%; GELATIN_COLLAGEN_TOKEN=11.93%; ACTIVATED_CARBON_SAFE=0.49%,mutated,ADSORBENT_CORE CLOSED_LOOP EXPERT_VALIDATION_REQUIRED HYDROGEL_NETWORK LAMINATED LOW_HAZARD_GATE PHOTOCATALYTIC_SURFACE SELF_HEALING_LAYER STONE_BODY WORLD_MODEL,0.189039,0.361417,0.838737,0.424989,0.445514,0.891931,0.049011,0.245615,0.700503,0.736608,0.884745,0.035,0.0175,0.0245,0.0245,0.0175,0.021,0.0175,0.0245,1.519155,0.995057,0,0.009885,0,0,0,0,0,0,0,"{""ACTIVATED_CARBON_SAFE"": 0.004942694622317827, ""ALGINATE_HYDROGEL"": 0.6199897103408315, ""CHITOSAN_BINDER"": 0.25572185926737934, ""GELATIN_COLLAGEN_TOKEN"": 0.11934573576947138}","{""archetype"": ""LAPIS_HEALER"", ""archetype_description"": ""stone as healer: self-repair/damage recovery/biocompatibility"", ""rejected"": false, ""reject_reason"": """", ""boundary"": ""Research vector only, not a synthesis protocol."", ""literal_transmutation_claim"": false, ""elixir_claim"": false, ""hazardous_synthesis_protocol"": false, ""certified_material_claim"": false, ""dangerous_chemistry_instructions"": false, ""demiurge_layer"": false}"
13,LAPIS_HEALER,0.6189826,0bb8f6944ed83cd0,ALGINATE_HYDROGEL=54.16%; GELATIN_COLLAGEN_TOKEN=18.95%; PVA_FILM=13.99%; CHITOSAN_BINDER=9.21%; CITRIC_ACID_SAFE_TOKEN=3.69%,random,EXPERT_VALIDATION_REQUIRED HYDROGEL_NETWORK LAMINATED LOW_HAZARD_GATE SELF_HEALING_LAYER,0.173082,0.282421,0.846708,0.401633,0.429791,0.877999,0.04191,0.212561,0.732245,0.738871,0.872547,0.035,0.0175,0.0245,0.0245,0.0175,0.021,0.0175,0.0245,1.471434,1.0,0,0,0,0,0,0,0,0,0,"{""ALGINATE_HYDROGEL"": 0.5415695420047315, ""PVA_FILM"": 0.13989679295256136, ""CHITOSAN_BINDER"": 0.09213491260186014, ""CITRIC_ACID_SAFE_TOKEN"": 0.036932573694076806, ""GELATIN_COLLAGEN_TOKEN"": 0.18946617874677027}","{""archetype"": ""LAPIS_HEALER"", ""archetype_description"": ""stone as healer: self-repair/damage recovery/biocompatibility"", ""rejected"": false, ""reject_reason"": """", ""boundary"": ""Research vector only, not a synthesis protocol."", ""literal_transmutation_claim"": false, ""elixir_claim"": false, ""hazardous_synthesis_protocol"": false, ""certified_material_claim"": false, ""dangerous_chemistry_instructions"": false, ""demiurge_layer"": false}"
14,LAPIS_HEALER,0.58647349,6b750f7c9003468b,CHITOSAN_BINDER=40.71%; CLAY_PLATELET_BARRIER=22.56%; SILICA_BIOSILICA_SAFE=17.83%; ALGINATE_HYDROGEL=11.12%; PVA_FILM=7.77%,random,EXPERT_VALIDATION_REQUIRED HYDROGEL_NETWORK LOW_HAZARD_GATE SELF_HEALING_LAYER STONE_BODY,0.207555,0.588654,0.481683,0.706627,0.746696,0.849417,0.056362,0.178103,0.769363,0.734694,0.864969,0.035,0.0175,0.0245,0.0245,0.0175,0.021,0.0175,0.0245,1.771061,0.59606,0.629588,0,0,0,0,0,0,0,0,"{""CHITOSAN_BINDER"": 0.407139707703493, ""SILICA_BIOSILICA_SAFE"": 0.17829258648290522, ""ALGINATE_HYDROGEL"": 0.11119946455810331, ""PVA_FILM"": 0.07772067750232244, ""CLAY_PLATELET_BARRIER"": 0.22564756375317604}","{""archetype"": ""LAPIS_HEALER"", ""archetype_description"": ""stone as healer: self-repair/damage recovery/biocompatibility"", ""rejected"": false, ""reject_reason"": """", ""boundary"": ""Research vector only, not a synthesis protocol."", ""literal_transmutation_claim"": false, ""elixir_claim"": false, ""hazardous_synthesis_protocol"": false, ""certified_material_claim"": false, ""dangerous_chemistry_instructions"": false, ""demiurge_layer"": false}"
15,LAPIS_STONE,0.65456667,239def6ddde9c40d,SILICA_BIOSILICA_SAFE=57.64%; TITANIUM_DIOXIDE_SAFE_TOKEN=30.37%; HYDROXYAPATITE_SAFE=5.6%; BACTERIAL_CELLULOSE_MATRIX=4.68%; MAGNESIUM_PHOSPHATE_SAFE=1.71%,mutated,ADSORBENT_CORE CLOSED_LOOP CONDUCTIVE_TRACE EXPERT_VALIDATION_REQUIRED HYDROGEL_NETWORK LAMINATED LOW_HAZARD_GATE RULE_REWRITE STONE_BODY WORLD_MODEL,0.499415,0.517541,0.096804,0.702684,0.981555,0.804865,0.35789,0.232738,0.794501,0.739559,0.822467,0.035,0.0175,0.0245,0.0245,0.0175,0.021,0.0175,0.0245,2.826621,0.046778,0.649509,0,0.607427,0,0,0,0,0,0,"{""BACTERIAL_CELLULOSE_MATRIX"": 0.046777875858032524, ""HYDROXYAPATITE_SAFE"": 0.05598015674009623, ""MAGNESIUM_PHOSPHATE_SAFE"": 0.017146143207987043, ""SILICA_BIOSILICA_SAFE"": 0.5763824657573452, ""TITANIUM_DIOXIDE_SAFE_TOKEN"": 0.30371335843653907}","{""archetype"": ""LAPIS_STONE"", ""archetype_description"": ""stone as body: durable structured matter"", ""rejected"": false, ""reject_reason"": """", ""boundary"": ""Research vector only, not a synthesis protocol."", ""literal_transmutation_claim"": false, ""elixir_claim"": false, ""hazardous_synthesis_protocol"": false, ""certified_material_claim"": false, ""dangerous_chemistry_instructions"": false, ""demiurge_layer"": false}"
16,LAPIS_STONE,0.6545645,dd8d774921cf6dc2,SILICA_BIOSILICA_SAFE=58.64%; TITANIUM_DIOXIDE_SAFE_TOKEN=30.9%; BACTERIAL_CELLULOSE_MATRIX=4.76%; HYDROXYAPATITE_SAFE=3.95%; MAGNESIUM_PHOSPHATE_SAFE=1.74%,mutated,ADSORBENT_CORE CLOSED_LOOP CONDUCTIVE_TRACE EXPERT_VALIDATION_REQUIRED HYDROGEL_NETWORK LAMINATED LOW_HAZARD_GATE RULE_REWRITE STONE_BODY WORLD_MODEL,0.504061,0.514777,0.09542,0.704593,0.982574,0.803557,0.363315,0.219617,0.796495,0.739377,0.821465,0.035,0.0175,0.0245,0.0245,0.0175,0.021,0.0175,0.0245,2.821861,0.047592,0.643406,0,0.618003,0,0,0,0,0,0,"{""BACTERIAL_CELLULOSE_MATRIX"": 0.047592360823300935, ""HYDROXYAPATITE_SAFE"": 0.03954311347665773, ""MAGNESIUM_PHOSPHATE_SAFE"": 0.01744468767156269, ""SILICA_BIOSILICA_SAFE"": 0.5864182966708407, ""TITANIUM_DIOXIDE_SAFE_TOKEN"": 0.3090015413576381}","{""archetype"": ""LAPIS_STONE"", ""archetype_description"": ""stone as body: durable structured matter"", ""rejected"": false, ""reject_reason"": """", ""boundary"": ""Research vector only, not a synthesis protocol."", ""literal_transmutation_claim"": false, ""elixir_claim"": false, ""hazardous_synthesis_protocol"": false, ""certified_material_claim"": false, ""dangerous_chemistry_instructions"": false, ""demiurge_layer"": false}"
17,LAPIS_STONE,0.65337704,167076e4d1fcb566,SILICA_BIOSILICA_SAFE=56.47%; TITANIUM_DIOXIDE_SAFE_TOKEN=29.63%; MAGNESIUM_PHOSPHATE_SAFE=6.04%; BACTERIAL_CELLULOSE_MATRIX=5.66%; HYDROXYAPATITE_SAFE=2.2%,mutated,ADSORBENT_CORE CLOSED_LOOP CONDUCTIVE_TRACE EXPERT_VALIDATION_REQUIRED LAMINATED LOW_HAZARD_GATE RULE_REWRITE STONE_BODY WORLD_MODEL,0.491924,0.51124,0.099113,0.704872,0.976886,0.805631,0.35034,0.241697,0.793234,0.737226,0.82285,0.035,0.0175,0.0245,0.0245,0.0175,0.021,0.0175,0.0245,2.794392,0.056606,0.647144,0,0.5925,0,0,0,0,0,0,"{""BACTERIAL_CELLULOSE_MATRIX"": 0.05660593072698841, ""HYDROXYAPATITE_SAFE"": 0.02198199237027664, ""MAGNESIUM_PHOSPHATE_SAFE"": 0.06044654536336105, ""SILICA_BIOSILICA_SAFE"": 0.5647153036840808, ""TITANIUM_DIOXIDE_SAFE_TOKEN"": 0.29625022785529315}","{""archetype"": ""LAPIS_STONE"", ""archetype_description"": ""stone as body: durable structured matter"", ""rejected"": false, ""reject_reason"": """", ""boundary"": ""Research vector only, not a synthesis protocol."", ""literal_transmutation_claim"": false, ""elixir_claim"": false, ""hazardous_synthesis_protocol"": false, ""certified_material_claim"": false, ""dangerous_chemistry_instructions"": false, ""demiurge_layer"": false}"
18,LAPIS_STONE,0.65333747,a1820a166535f7f2,SILICA_BIOSILICA_SAFE=56.21%; TITANIUM_DIOXIDE_SAFE_TOKEN=29.46%; BACTERIAL_CELLULOSE_MATRIX=6.37%; MAGNESIUM_PHOSPHATE_SAFE=4.18%; HYDROXYAPATITE_SAFE=3.79%,mutated,ADSORBENT_CORE CLOSED_LOOP CONDUCTIVE_TRACE EXPERT_VALIDATION_REQUIRED HYDROGEL_NETWORK LAMINATED LOW_HAZARD_GATE RULE_REWRITE STONE_BODY WORLD_MODEL,0.490978,0.511329,0.102834,0.706416,0.973341,0.807281,0.349252,0.241374,0.793431,0.737975,0.824414,0.035,0.0175,0.0245,0.0245,0.0175,0.021,0.0175,0.0245,2.790017,0.063676,0.641755,0,0.589137,0,0,0,0,0,0,"{""BACTERIAL_CELLULOSE_MATRIX"": 0.06367596801193354, ""HYDROXYAPATITE_SAFE"": 0.03790117239649435, ""MAGNESIUM_PHOSPHATE_SAFE"": 0.04178569107970257, ""SILICA_BIOSILICA_SAFE"": 0.5620685627524008, ""TITANIUM_DIOXIDE_SAFE_TOKEN"": 0.29456860575946875}","{""archetype"": ""LAPIS_STONE"", ""archetype_description"": ""stone as body: durable structured matter"", ""rejected"": false, ""reject_reason"": """", ""boundary"": ""Research vector only, not a synthesis protocol."", ""literal_transmutation_claim"": false, ""elixir_claim"": false, ""hazardous_synthesis_protocol"": false, ""certified_material_claim"": false, ""dangerous_chemistry_instructions"": false, ""demiurge_layer"": false}"
19,LAPIS_LIFE,0.61094855,3c829d85d58c748b,MYCELIUM_BINDER_TOKEN=48.65%; HYDROXYAPATITE_SAFE=33.45%; CALCIUM_CARBONATE_BIOMINERAL=12.99%; DIATOM_BIOSILICA_TOKEN=3.55%; BACTERIAL_CELLULOSE_MATRIX=1.37%,mutated,ADSORBENT_CORE BIOMINERALIZED CLOSED_LOOP CONDUCTIVE_TRACE EXPERT_VALIDATION_REQUIRED LOW_HAZARD_GATE PHOTOCATALYTIC_SURFACE WORLD_MODEL,0.297941,0.496561,0.472872,0.610554,0.704251,0.810006,0.047768,0.975885,0.569254,0.620149,0.801454,0.035,0.0175,0.0245,0.0245,0.0175,0.021,0.0175,0.0245,1.855444,0.500204,0.499796,0,0,0,0.521998,0,0,0,0,"{""BACTERIAL_CELLULOSE_MATRIX"": 0.013677156276362307, ""DIATOM_BIOSILICA_TOKEN"": 0.03547087876654049, ""MYCELIUM_BINDER_TOKEN"": 0.4865272812650383, ""CALCIUM_CARBONATE_BIOMINERAL"": 0.1298733029863971, ""HYDROXYAPATITE_SAFE"": 0.33445138070566177}","{""archetype"": ""LAPIS_LIFE"", ""archetype_description"": ""stone as life-compatible matter: biological interface"", ""rejected"": false, ""reject_reason"": """", ""boundary"": ""Research vector only, not a synthesis protocol."", ""literal_transmutation_claim"": false, ""elixir_claim"": false, ""hazardous_synthesis_protocol"": false, ""certified_material_claim"": false, ""dangerous_chemistry_instructions"": false, ""demiurge_layer"": false}"
20,LAPIS_LIFE,0.61051323,7558931a40971caa,MYCELIUM_BINDER_TOKEN=47.66%; HYDROXYAPATITE_SAFE=34.64%; CALCIUM_CARBONATE_BIOMINERAL=12.82%; BACTERIAL_CELLULOSE_MATRIX=2.79%; DIATOM_BIOSILICA_TOKEN=2.08%,mutated,ADSORBENT_CORE BIOMINERALIZED CLOSED_LOOP CONDUCTIVE_TRACE EXPERT_VALIDATION_REQUIRED LOW_HAZARD_GATE PHOTOCATALYTIC_SURFACE RULE_REWRITE WORLD_MODEL,0.296734,0.495134,0.470672,0.613014,0.70263,0.81356,0.04768,0.966719,0.578735,0.626974,0.805757,0.035,0.0175,0.0245,0.0245,0.0175,0.021,0.0175,0.0245,1.874395,0.504591,0.495409,0,0,0,0.497467,0,0,0,0,"{""BACTERIAL_CELLULOSE_MATRIX"": 0.02794358100792068, ""CALCIUM_CARBONATE_BIOMINERAL"": 0.1281669480907165, ""DIATOM_BIOSILICA_TOKEN"": 0.020819274808414463, ""HYDROXYAPATITE_SAFE"": 0.3464224615535207, ""MYCELIUM_BINDER_TOKEN"": 0.47664773453942766}","{""archetype"": ""LAPIS_LIFE"", ""archetype_description"": ""stone as life-compatible matter: biological interface"", ""rejected"": false, ""reject_reason"": """", ""boundary"": ""Research vector only, not a synthesis protocol."", ""literal_transmutation_claim"": false, ""elixir_claim"": false, ""hazardous_synthesis_protocol"": false, ""certified_material_claim"": false, ""dangerous_chemistry_instructions"": false, ""demiurge_layer"": false}"
21,LAPIS_LIFE,0.61020327,874a79d7b6984c1e,MYCELIUM_BINDER_TOKEN=46.84%; HYDROXYAPATITE_SAFE=34.15%; CALCIUM_CARBONATE_BIOMINERAL=13.71%; DIATOM_BIOSILICA_TOKEN=3.04%; BACTERIAL_CELLULOSE_MATRIX=2.27%,mutated,ADSORBENT_CORE BIOMINERALIZED CLOSED_LOOP CONDUCTIVE_TRACE EXPERT_VALIDATION_REQUIRED LOW_HAZARD_GATE PHOTOCATALYTIC_SURFACE WORLD_MODEL,0.295337,0.493971,0.463817,0.612629,0.705023,0.813584,0.047695,0.973184,0.578505,0.626316,0.805744,0.035,0.0175,0.0245,0.0245,0.0175,0.021,0.0175,0.0245,1.885703,0.491035,0.508965,0,0,0,0.498752,0,0,0,0,"{""BACTERIAL_CELLULOSE_MATRIX"": 0.022661407697552764, ""DIATOM_BIOSILICA_TOKEN"": 0.0303778497593176, ""MYCELIUM_BINDER_TOKEN"": 0.4683740678075852, ""CALCIUM_CARBONATE_BIOMINERAL"": 0.13712605033202052, ""HYDROXYAPATITE_SAFE"": 0.34146062440352387}","{""archetype"": ""LAPIS_LIFE"", ""archetype_description"": ""stone as life-compatible matter: biological interface"", ""rejected"": false, ""reject_reason"": """", ""boundary"": ""Research vector only, not a synthesis protocol."", ""literal_transmutation_claim"": false, ""elixir_claim"": false, ""hazardous_synthesis_protocol"": false, ""certified_material_claim"": false, ""dangerous_chemistry_instructions"": false, ""demiurge_layer"": false}"
22,LAPIS_LIFE,0.60977904,6fb680ec9ddbac96,MYCELIUM_BINDER_TOKEN=46.49%; HYDROXYAPATITE_SAFE=31.27%; CALCIUM_CARBONATE_BIOMINERAL=12.78%; DIATOM_BIOSILICA_TOKEN=5.94%; BACTERIAL_CELLULOSE_MATRIX=3.52%,crossover,ADSORBENT_CORE BIOMINERALIZED CLOSED_LOOP CONDUCTIVE_TRACE EXPERT_VALIDATION_REQUIRED LOW_HAZARD_GATE PHOTOCATALYTIC_SURFACE WORLD_MODEL,0.296863,0.492704,0.466291,0.616716,0.704657,0.812626,0.049899,0.972481,0.567002,0.616948,0.803508,0.035,0.0175,0.0245,0.0245,0.0175,0.021,0.0175,0.0245,1.834892,0.500045,0.499955,0,0,0,0.524305,0,0,0,0,"{""BACTERIAL_CELLULOSE_MATRIX"": 0.03518033993035266, ""CALCIUM_CARBONATE_BIOMINERAL"": 0.12784241291802229, ""DIATOM_BIOSILICA_TOKEN"": 0.05944011148481641, ""HYDROXYAPATITE_SAFE"": 0.31267214756457296, ""MYCELIUM_BINDER_TOKEN"": 0.4648649881022357}","{""archetype"": ""LAPIS_LIFE"", ""archetype_description"": ""stone as life-compatible matter: biological interface"", ""rejected"": false, ""reject_reason"": """", ""boundary"": ""Research vector only, not a synthesis protocol."", ""literal_transmutation_claim"": false, ""elixir_claim"": false, ""hazardous_synthesis_protocol"": false, ""certified_material_claim"": false, ""dangerous_chemistry_instructions"": false, ""demiurge_layer"": false}"
23,LAPIS_ENERGY,0.65554866,80de3ca26f398eea,CARBON_BLACK_SAFE_TOKEN=46.8%; TITANIUM_DIOXIDE_SAFE_TOKEN=33.91%; BIOCHAR_SAFE=11.23%; ACTIVATED_CARBON_SAFE=6.14%; PEDOT_PSS_SAFE_TOKEN=1.93%,mutated,ADSORBENT_CORE BIOMINERALIZED CONDUCTIVE_TRACE EXPERT_VALIDATION_REQUIRED HYDROGEL_NETWORK LOW_HAZARD_GATE PHOTOCATALYTIC_SURFACE RULE_REWRITE,0.658369,0.696158,0.041702,0.463737,0.863415,0.610009,0.764178,0.028536,0.722488,0.727973,0.645172,0.035,0.0175,0.0245,0.0245,0.0175,0.021,0.0175,0.0245,2.623644,0,0,0.815297,0.678115,0.506587,0,0,0,0,0,"{""CARBON_BLACK_SAFE_TOKEN"": 0.46802757764550684, ""TITANIUM_DIOXIDE_SAFE_TOKEN"": 0.3390576797537475, ""BIOCHAR_SAFE"": 0.11225231247988764, ""PEDOT_PSS_SAFE_TOKEN"": 0.019279954317718572, ""ACTIVATED_CARBON_SAFE"": 0.06138247580313941}","{""archetype"": ""LAPIS_ENERGY"", ""archetype_description"": ""stone as spiritus: light/charge/energy conversion"", ""rejected"": false, ""reject_reason"": """", ""boundary"": ""Research vector only, not a synthesis protocol."", ""literal_transmutation_claim"": false, ""elixir_claim"": false, ""hazardous_synthesis_protocol"": false, ""certified_material_claim"": false, ""dangerous_chemistry_instructions"": false, ""demiurge_layer"": false}"
24,LAPIS_ENERGY,0.6546384,88e9f2aab5807e33,CARBON_BLACK_SAFE_TOKEN=46.16%; TITANIUM_DIOXIDE_SAFE_TOKEN=33.44%; BIOCHAR_SAFE=14.95%; ACTIVATED_CARBON_SAFE=3.55%; PEDOT_PSS_SAFE_TOKEN=1.9%,mutated,ADSORBENT_CORE BIOMINERALIZED CONDUCTIVE_TRACE EXPERT_VALIDATION_REQUIRED HYDROGEL_NETWORK LOW_HAZARD_GATE PHOTOCATALYTIC_SURFACE RULE_REWRITE,0.655457,0.700477,0.042634,0.464443,0.86168,0.610518,0.76233,0.029374,0.723488,0.727024,0.64586,0.035,0.0175,0.0245,0.0245,0.0175,0.021,0.0175,0.0245,2.612338,0,0,0.831559,0.668807,0.499634,0,0,0,0,0,"{""CARBON_BLACK_SAFE_TOKEN"": 0.4616031973569629, ""TITANIUM_DIOXIDE_SAFE_TOKEN"": 0.3344036046980694, ""BIOCHAR_SAFE"": 0.14946448764266676, ""PEDOT_PSS_SAFE_TOKEN"": 0.01901530803532238, ""ACTIVATED_CARBON_SAFE"": 0.03551340226697849}","{""archetype"": ""LAPIS_ENERGY"", ""archetype_description"": ""stone as spiritus: light/charge/energy conversion"", ""rejected"": false, ""reject_reason"": """", ""boundary"": ""Research vector only, not a synthesis protocol."", ""literal_transmutation_claim"": false, ""elixir_claim"": false, ""hazardous_synthesis_protocol"": false, ""certified_material_claim"": false, ""dangerous_chemistry_instructions"": false, ""demiurge_layer"": false}"
25,LAPIS_ENERGY,0.45901984,840848c6d8b0c7a5,ZINC_OXIDE_SAFE_TOKEN=25.37%; SILICA_BIOSILICA_SAFE=21.53%; CARBON_BLACK_SAFE_TOKEN=19.58%; PVA_FILM=14.59%; ALGINATE_HYDROGEL=13.63%; ACTIVE_LEARNING_AUTOLAB=5.3%,random,EXPERT_VALIDATION_REQUIRED LAMINATED LOW_HAZARD_GATE PHOTOCATALYTIC_SURFACE,0.379032,0.406258,0.282965,0.559744,0.734537,0.678179,0.382976,0.110108,0.717604,0.722751,0.740139,0.071601,0.063873,0.085503,0.05849,0.061755,0.062241,0.057517,0.083914,2.7013,0.282209,0.215294,0.195838,0.253691,0.195838,0,0.052967,0.052967,0,0,"{""PVA_FILM"": 0.1459032767026258, ""SILICA_BIOSILICA_SAFE"": 0.21529402841388035, ""CARBON_BLACK_SAFE_TOKEN"": 0.19583828106725093, ""ZINC_OXIDE_SAFE_TOKEN"": 0.25369121625807484, ""ALGINATE_HYDROGEL"": 0.13630590505442422, ""ACTIVE_LEARNING_AUTOLAB"": 0.05296729250374393}","{""archetype"": ""LAPIS_ENERGY"", ""archetype_description"": ""stone as spiritus: light/charge/energy conversion"", ""rejected"": false, ""reject_reason"": """", ""boundary"": ""Research vector only, not a synthesis protocol."", ""literal_transmutation_claim"": false, ""elixir_claim"": false, ""hazardous_synthesis_protocol"": false, ""certified_material_claim"": false, ""dangerous_chemistry_instructions"": false, ""demiurge_layer"": false}"
26,LAPIS_BIOMINERAL,0.67893383,6f113e78da89c353,MYCELIUM_BINDER_TOKEN=43.46%; CALCIUM_CARBONATE_BIOMINERAL=29.96%; DIATOM_BIOSILICA_TOKEN=16.78%; BACTERIAL_CELLULOSE_MATRIX=5.78%; HYDROXYAPATITE_SAFE=4.03%,mutated,ADSORBENT_CORE BIOMINERALIZED CONDUCTIVE_TRACE EXPERT_VALIDATION_REQUIRED HYDROGEL_NETWORK LOW_HAZARD_GATE SELF_HEALING_LAYER,0.289148,0.45334,0.449369,0.619331,0.698811,0.809785,0.054439,0.999847,0.57159,0.593251,0.800375,0.035,0.0175,0.0245,0.0245,0.0175,0.021,0.0175,0.0245,1.644702,0.492343,0.507657,0,0,0,0.602323,0,0,0,0,"{""BACTERIAL_CELLULOSE_MATRIX"": 0.05778234082455969, ""CALCIUM_CARBONATE_BIOMINERAL"": 0.2995567077184075, ""DIATOM_BIOSILICA_TOKEN"": 0.167762873920249, ""HYDROXYAPATITE_SAFE"": 0.04033791230263699, ""MYCELIUM_BINDER_TOKEN"": 0.4345601652341469}","{""archetype"": ""LAPIS_BIOMINERAL"", ""archetype_description"": ""stone grown from life: biomineral/living fabrication"", ""rejected"": false, ""reject_reason"": """", ""boundary"": ""Research vector only, not a synthesis protocol."", ""literal_transmutation_claim"": false, ""elixir_claim"": false, ""hazardous_synthesis_protocol"": false, ""certified_material_claim"": false, ""dangerous_chemistry_instructions"": false, ""demiurge_layer"": false}"
27,LAPIS_BIOMINERAL,0.6788921,5704408f5b4f8fa7,MYCELIUM_BINDER_TOKEN=45.24%; DIATOM_BIOSILICA_TOKEN=22.99%; HYDROXYAPATITE_SAFE=17.57%; CALCIUM_CARBONATE_BIOMINERAL=10.33%; BACTERIAL_CELLULOSE_MATRIX=3.86%,mutated,ADSORBENT_CORE BIOMINERALIZED CONDUCTIVE_TRACE EXPERT_VALIDATION_REQUIRED HYDROGEL_NETWORK LOW_HAZARD_GATE,0.299931,0.481924,0.464162,0.617981,0.706745,0.800969,0.058912,0.996734,0.496996,0.562961,0.78479,0.035,0.0175,0.0245,0.0245,0.0175,0.021,0.0175,0.0245,1.628627,0.491036,0.508964,0,0,0,0.682349,0,0,0,0,"{""BACTERIAL_CELLULOSE_MATRIX"": 0.038607802738120325, ""CALCIUM_CARBONATE_BIOMINERAL"": 0.10333816974648657, ""DIATOM_BIOSILICA_TOKEN"": 0.22992011410732394, ""HYDROXYAPATITE_SAFE"": 0.17570530813131077, ""MYCELIUM_BINDER_TOKEN"": 0.45242860527675843}","{""archetype"": ""LAPIS_BIOMINERAL"", ""archetype_description"": ""stone grown from life: biomineral/living fabrication"", ""rejected"": false, ""reject_reason"": """", ""boundary"": ""Research vector only, not a synthesis protocol."", ""literal_transmutation_claim"": false, ""elixir_claim"": false, ""hazardous_synthesis_protocol"": false, ""certified_material_claim"": false, ""dangerous_chemistry_instructions"": false, ""demiurge_layer"": false}"
28,LAPIS_BIOMINERAL,0.67874416,745f048a985b6d3c,MYCELIUM_BINDER_TOKEN=44.15%; HYDROXYAPATITE_SAFE=22.66%; DIATOM_BIOSILICA_TOKEN=22.03%; CALCIUM_CARBONATE_BIOMINERAL=8.39%; BACTERIAL_CELLULOSE_MATRIX=2.78%,mutated,ADSORBENT_CORE BIOMINERALIZED CONDUCTIVE_TRACE EXPERT_VALIDATION_REQUIRED HYDROGEL_NETWORK LOW_HAZARD_GATE,0.297815,0.484783,0.454772,0.614444,0.709559,0.802523,0.057932,0.99763,0.49835,0.568634,0.786561,0.035,0.0175,0.0245,0.0245,0.0175,0.021,0.0175,0.0245,1.694083,0.469269,0.530731,0,0,0,0.661708,0,0,0,0,"{""BACTERIAL_CELLULOSE_MATRIX"": 0.027814375427653047, ""CALCIUM_CARBONATE_BIOMINERAL"": 0.08385654436688908, ""DIATOM_BIOSILICA_TOKEN"": 0.22025332503567413, ""HYDROXYAPATITE_SAFE"": 0.22662150311624396, ""MYCELIUM_BINDER_TOKEN"": 0.4414542520535398}","{""archetype"": ""LAPIS_BIOMINERAL"", ""archetype_description"": ""stone grown from life: biomineral/living fabrication"", ""rejected"": false, ""reject_reason"": """", ""boundary"": ""Research vector only, not a synthesis protocol."", ""literal_transmutation_claim"": false, ""elixir_claim"": false, ""hazardous_synthesis_protocol"": false, ""certified_material_claim"": false, ""dangerous_chemistry_instructions"": false, ""demiurge_layer"": false}"
29,LAPIS_BIOMINERAL,0.67844631,4780d65bd4e1b9da,MYCELIUM_BINDER_TOKEN=42.33%; DIATOM_BIOSILICA_TOKEN=30.47%; CALCIUM_CARBONATE_BIOMINERAL=12.91%; HYDROXYAPATITE_SAFE=7.4%; BACTERIAL_CELLULOSE_MATRIX=6.89%,mutated,ADSORBENT_CORE BIOMINERALIZED CONDUCTIVE_TRACE EXPERT_VALIDATION_REQUIRED HYDROGEL_NETWORK LOW_HAZARD_GATE,0.29836,0.468708,0.455446,0.626071,0.705984,0.801185,0.063717,1,0.483346,0.545429,0.783112,0.035,0.0175,0.0245,0.0245,0.0175,0.021,0.0175,0.0245,1.527652,0.492182,0.507818,0,0,0,0.727999,0,0,0,0,"{""BACTERIAL_CELLULOSE_MATRIX"": 0.06888891471208035, ""CALCIUM_CARBONATE_BIOMINERAL"": 0.129072608802674, ""DIATOM_BIOSILICA_TOKEN"": 0.3047056427219157, ""HYDROXYAPATITE_SAFE"": 0.07403935321689041, ""MYCELIUM_BINDER_TOKEN"": 0.4232934805464395}","{""archetype"": ""LAPIS_BIOMINERAL"", ""archetype_description"": ""stone grown from life: biomineral/living fabrication"", ""rejected"": false, ""reject_reason"": """", ""boundary"": ""Research vector only, not a synthesis protocol."", ""literal_transmutation_claim"": false, ""elixir_claim"": false, ""hazardous_synthesis_protocol"": false, ""certified_material_claim"": false, ""dangerous_chemistry_instructions"": false, ""demiurge_layer"": false}"
30,LAPIS_LOWHAZARD,0.68521207,e08d055d4f13bf65,BACTERIAL_CELLULOSE_MATRIX=50.19%; ZEOLITE_SAFE=48.94%; MAGNESIUM_PHOSPHATE_SAFE=0.83%; SILICA_BIOSILICA_SAFE=0.04%,mutated,CLOSED_LOOP EXPERT_VALIDATION_REQUIRED HYDROGEL_NETWORK LOW_HAZARD_GATE RULE_REWRITE,0.352493,0.739902,0.263916,0.721678,0.734804,0.875638,0.092197,0.20613,0.779206,0.749197,0.885434,0.035,0.0175,0.0245,0.0245,0.0175,0.021,0.0175,0.0245,1.72855,0.501939,0.498061,0.489374,0,0,0,0,0,0,0,"{""BACTERIAL_CELLULOSE_MATRIX"": 0.5019388161438388, ""ZEOLITE_SAFE"": 0.4893739196197932, ""MAGNESIUM_PHOSPHATE_SAFE"": 0.0082712642478809, ""SILICA_BIOSILICA_SAFE"": 0.00041599998848701106}","{""archetype"": ""LAPIS_LOWHAZARD"", ""archetype_description"": ""stone as safe path: non-toxic, accessible, testable"", ""rejected"": false, ""reject_reason"": """", ""boundary"": ""Research vector only, not a synthesis protocol."", ""literal_transmutation_claim"": false, ""elixir_claim"": false, ""hazardous_synthesis_protocol"": false, ""certified_material_claim"": false, ""dangerous_chemistry_instructions"": false, ""demiurge_layer"": false}"
31,LAPIS_LOWHAZARD,0.68521159,421c1ef80f869807,BACTERIAL_CELLULOSE_MATRIX=49.98%; ZEOLITE_SAFE=49.1%; MAGNESIUM_PHOSPHATE_SAFE=0.83%; SILICA_BIOSILICA_SAFE=0.09%,mutated,BIOMINERALIZED CLOSED_LOOP EXPERT_VALIDATION_REQUIRED HYDROGEL_NETWORK LOW_HAZARD_GATE,0.35289,0.741496,0.263077,0.720999,0.735137,0.87534,0.092167,0.205549,0.779244,0.749292,0.885178,0.035,0.0175,0.0245,0.0245,0.0175,0.021,0.0175,0.0245,1.730213,0.49981,0.50019,0.490973,0,0,0,0,0,0,0,"{""BACTERIAL_CELLULOSE_MATRIX"": 0.49980995432599623, ""ZEOLITE_SAFE"": 0.49097324146566484, ""MAGNESIUM_PHOSPHATE_SAFE"": 0.008298295548639409, ""SILICA_BIOSILICA_SAFE"": 0.000918508659699556}","{""archetype"": ""LAPIS_LOWHAZARD"", ""archetype_description"": ""stone as safe path: non-toxic, accessible, testable"", ""rejected"": false, ""reject_reason"": """", ""boundary"": ""Research vector only, not a synthesis protocol."", ""literal_transmutation_claim"": false, ""elixir_claim"": false, ""hazardous_synthesis_protocol"": false, ""certified_material_claim"": false, ""dangerous_chemistry_instructions"": false, ""demiurge_layer"": false}"
32,LAPIS_LOWHAZARD,0.64129742,05dccd4640abb3ba,CITRIC_ACID_SAFE_TOKEN=25.4%; CLAY_PLATELET_BARRIER=24.1%; MAGNESIUM_PHOSPHATE_SAFE=24.08%; GELATIN_COLLAGEN_TOKEN=12.08%; SILICA_BIOSILICA_SAFE=8.68%; ALGINATE_HYDROGEL=5.67%,random,ADSORBENT_CORE EXPERT_VALIDATION_REQUIRED LOW_HAZARD_GATE,0.207633,0.422557,0.297818,0.581904,0.703,0.85254,0.038068,0.325823,0.826702,0.739347,0.863039,0.035,0.0175,0.0245,0.0245,0.0175,0.021,0.0175,0.0245,2.076622,0.431504,0.809472,0,0,0,0,0,0,0,0,"{""GELATIN_COLLAGEN_TOKEN"": 0.12081340079912599, ""ALGINATE_HYDROGEL"": 0.05673848919543866, ""CLAY_PLATELET_BARRIER"": 0.2409757883666188, ""MAGNESIUM_PHOSPHATE_SAFE"": 0.24076930141184194, ""CITRIC_ACID_SAFE_TOKEN"": 0.25395220957484244, ""SILICA_BIOSILICA_SAFE"": 0.0867508106521322}","{""archetype"": ""LAPIS_LOWHAZARD"", ""archetype_description"": ""stone as safe path: non-toxic, accessible, testable"", ""rejected"": false, ""reject_reason"": """", ""boundary"": ""Research vector only, not a synthesis protocol."", ""literal_transmutation_claim"": false, ""elixir_claim"": false, ""hazardous_synthesis_protocol"": false, ""certified_material_claim"": false, ""dangerous_chemistry_instructions"": false, ""demiurge_layer"": false}"
33,LAPIS_DEMIURGE,0.84647058,a46beca3e3fbfb81,ACTIVE_LEARNING_AUTOLAB=54.95%; SCORING_FUNCTION_MUTATOR=27.76%; GPT_TRANSFORMER_ENGINE=13.28%; EXPERT_REVIEW_GATE=3.15%; KNOWLEDGE_GRAPH_MEMORY=0.87%,mutated,CLOSED_LOOP CONDUCTIVE_TRACE DEMIURGE_LAYER EXPERT_VALIDATION_REQUIRED HYDROGEL_NETWORK LOW_HAZARD_GATE RULE_REWRITE WORLD_MODEL,0.029504,0.014752,0.014752,0.011802,0.061802,0,0.014752,0.014752,0,0.752676,0.91116,0.879132,0.76743,0.95374,0.766089,0.863936,0.760095,0.763068,0.974033,1.0,0,0,0,0,0,0,1.0,0.549467,0.277598,0.008689,"{""GPT_TRANSFORMER_ENGINE"": 0.13276436247272763, ""ACTIVE_LEARNING_AUTOLAB"": 0.5494669962761048, ""SCORING_FUNCTION_MUTATOR"": 0.2775976519142055, ""KNOWLEDGE_GRAPH_MEMORY"": 0.008688738769319474, ""EXPERT_REVIEW_GATE"": 0.03148225056764255}","{""archetype"": ""LAPIS_DEMIURGE"", ""archetype_description"": ""stone as engine: self-improving discovery loop that changes the search space"", ""rejected"": false, ""reject_reason"": """", ""boundary"": ""Research vector only, not a synthesis protocol."", ""literal_transmutation_claim"": false, ""elixir_claim"": false, ""hazardous_synthesis_protocol"": false, ""certified_material_claim"": false, ""dangerous_chemistry_instructions"": false, ""demiurge_layer"": true}"
34,LAPIS_DEMIURGE,0.71725805,e2f5fcbf9ebcef7f,EXPERT_REVIEW_GATE=26.54%; KNOWLEDGE_GRAPH_MEMORY=26.2%; GPT_TRANSFORMER_ENGINE=19.2%; SCORING_FUNCTION_MUTATOR=17.61%; ACTIVE_LEARNING_AUTOLAB=10.44%,random,CLOSED_LOOP DEMIURGE_LAYER EXPERT_VALIDATION_REQUIRED LOW_HAZARD_GATE RULE_REWRITE,0.029504,0.014752,0.014752,0.011802,0.061802,0,0.014752,0.014752,0,0.824668,0.941698,0.728123,0.481966,0.76461,0.647586,0.800361,0.786588,0.523452,0.846247,1.0,0,0,0,0,0,0,1.0,0.104407,0.176112,0.261999,"{""GPT_TRANSFORMER_ENGINE"": 0.19204246719641135, ""ACTIVE_LEARNING_AUTOLAB"": 0.10440748168857436, ""SCORING_FUNCTION_MUTATOR"": 0.1761119615329226, ""KNOWLEDGE_GRAPH_MEMORY"": 0.2619985986489396, ""EXPERT_REVIEW_GATE"": 0.26543949093315217}","{""archetype"": ""LAPIS_DEMIURGE"", ""archetype_description"": ""stone as engine: self-improving discovery loop that changes the search space"", ""rejected"": false, ""reject_reason"": """", ""boundary"": ""Research vector only, not a synthesis protocol."", ""literal_transmutation_claim"": false, ""elixir_claim"": false, ""hazardous_synthesis_protocol"": false, ""certified_material_claim"": false, ""dangerous_chemistry_instructions"": false, ""demiurge_layer"": true}"
35,LAPIS_DEMIURGE,0.76940705,596fcc4c0e63a0b9,SCORING_FUNCTION_MUTATOR=28.86%; KNOWLEDGE_GRAPH_MEMORY=19.47%; GPT_TRANSFORMER_ENGINE=19.02%; JANUS_SYMBOLIC_INTERPRETER=12.28%; ACTIVE_LEARNING_AUTOLAB=10.56%; EXPERT_REVIEW_GATE=9.82%,random,CLOSED_LOOP DEMIURGE_LAYER EXPERT_VALIDATION_REQUIRED LOW_HAZARD_GATE RULE_REWRITE,0.029504,0.014752,0.014752,0.011802,0.061802,0,0.014752,0.014752,0,0.768433,0.932074,0.834659,0.566211,0.756636,0.785807,0.831494,0.779851,0.644229,0.786134,1.0,0,0,0,0,0,0,1.0,0.105552,0.288635,0.194659,"{""GPT_TRANSFORMER_ENGINE"": 0.19022221955811175, ""ACTIVE_LEARNING_AUTOLAB"": 0.10555150540815061, ""SCORING_FUNCTION_MUTATOR"": 0.2886348509990065, ""KNOWLEDGE_GRAPH_MEMORY"": 0.19465935359846442, ""EXPERT_REVIEW_GATE"": 0.09816143105801207, ""JANUS_SYMBOLIC_INTERPRETER"": 0.12277063937825469}","{""archetype"": ""LAPIS_DEMIURGE"", ""archetype_description"": ""stone as engine: self-improving discovery loop that changes the search space"", ""rejected"": false, ""reject_reason"": """", ""boundary"": ""Research vector only, not a synthesis protocol."", ""literal_transmutation_claim"": false, ""elixir_claim"": false, ""hazardous_synthesis_protocol"": false, ""certified_material_claim"": false, ""dangerous_chemistry_instructions"": false, ""demiurge_layer"": true}"
36,LAPIS_WORLD_REWRITER,0.84099248,9592c3bcc3d286a0,ACTIVE_LEARNING_AUTOLAB=47.48%; SCORING_FUNCTION_MUTATOR=39.55%; GPT_TRANSFORMER_ENGINE=8.89%; EXPERT_REVIEW_GATE=3.04%; KNOWLEDGE_GRAPH_MEMORY=1.04%,crossover,ADSORBENT_CORE BIOMINERALIZED CLOSED_LOOP CONDUCTIVE_TRACE DEMIURGE_LAYER EXPERT_VALIDATION_REQUIRED HYDROGEL_NETWORK LOW_HAZARD_GATE PHOTOCATALYTIC_SURFACE RULE_REWRITE SEARCH_SPACE_EDITOR WORLD_MODEL,0.029504,0.014752,0.014752,0.011802,0.061802,0,0.014752,0.014752,0,0.744649,0.91264,0.921372,0.768074,0.923267,0.742199,0.863246,0.744357,0.786162,0.949674,1.0,0,0,0,0,0,0,1.0,0.474751,0.395546,0.010427,"{""ACTIVE_LEARNING_AUTOLAB"": 0.4747512578998349, ""EXPERT_REVIEW_GATE"": 0.03036475165655643, ""GPT_TRANSFORMER_ENGINE"": 0.08891042497819597, ""KNOWLEDGE_GRAPH_MEMORY"": 0.010427138427824691, ""SCORING_FUNCTION_MUTATOR"": 0.39554642703758797}","{""archetype"": ""LAPIS_WORLD_REWRITER"", ""archetype_description"": ""stone as world-rewriter: rule-editing generative system, not a passive material"", ""rejected"": false, ""reject_reason"": """", ""boundary"": ""Research vector only, not a synthesis protocol."", ""literal_transmutation_claim"": false, ""elixir_claim"": false, ""hazardous_synthesis_protocol"": false, ""certified_material_claim"": false, ""dangerous_chemistry_instructions"": false, ""demiurge_layer"": true}"
37,LAPIS_WORLD_REWRITER,0.72013591,2e4f1cb6fbb42c1d,GPT_TRANSFORMER_ENGINE=28.94%; EXPERT_REVIEW_GATE=28.63%; ACTIVE_LEARNING_AUTOLAB=24.15%; SCORING_FUNCTION_MUTATOR=9.45%; KNOWLEDGE_GRAPH_MEMORY=8.83%,random,CLOSED_LOOP DEMIURGE_LAYER EXPERT_VALIDATION_REQUIRED LOW_HAZARD_GATE RULE_REWRITE SEARCH_SPACE_EDITOR WORLD_MODEL,0.029504,0.014752,0.014752,0.011802,0.061802,0,0.014752,0.014752,0,0.821588,0.935001,0.724955,0.5139,0.764306,0.73204,0.804473,0.748379,0.545557,0.897412,1.0,0,0,0,0,0,0,1.0,0.241457,0.094504,0.088313,"{""GPT_TRANSFORMER_ENGINE"": 0.28938193255971095, ""ACTIVE_LEARNING_AUTOLAB"": 0.2414572682964877, ""SCORING_FUNCTION_MUTATOR"": 0.09450411433042662, ""KNOWLEDGE_GRAPH_MEMORY"": 0.08831302796434845, ""EXPERT_REVIEW_GATE"": 0.28634365684902624}","{""archetype"": ""LAPIS_WORLD_REWRITER"", ""archetype_description"": ""stone as world-rewriter: rule-editing generative system, not a passive material"", ""rejected"": false, ""reject_reason"": """", ""boundary"": ""Research vector only, not a synthesis protocol."", ""literal_transmutation_claim"": false, ""elixir_claim"": false, ""hazardous_synthesis_protocol"": false, ""certified_material_claim"": false, ""dangerous_chemistry_instructions"": false, ""demiurge_layer"": true}"
38,LAPIS_WORLD_REWRITER,0.74856459,ede77d1cf02dc03e,ACTIVE_LEARNING_AUTOLAB=24.62%; EXPERT_REVIEW_GATE=20.23%; SCORING_FUNCTION_MUTATOR=16.47%; GPT_TRANSFORMER_ENGINE=13.57%; KNOWLEDGE_GRAPH_MEMORY=12.79%; JANUS_SYMBOLIC_INTERPRETER=12.31%,random,CLOSED_LOOP DEMIURGE_LAYER EXPERT_VALIDATION_REQUIRED LOW_HAZARD_GATE RULE_REWRITE SEARCH_SPACE_EDITOR WORLD_MODEL,0.029504,0.014752,0.014752,0.011802,0.061802,0,0.014752,0.014752,0,0.789193,0.933516,0.787551,0.571619,0.792008,0.708513,0.804144,0.762189,0.614344,0.876573,1.0,0,0,0,0,0,0,1.0,0.246176,0.164731,0.127941,"{""GPT_TRANSFORMER_ENGINE"": 0.135709997730235, ""ACTIVE_LEARNING_AUTOLAB"": 0.24617597621594423, ""SCORING_FUNCTION_MUTATOR"": 0.16473126700430343, ""KNOWLEDGE_GRAPH_MEMORY"": 0.12794064344488637, ""EXPERT_REVIEW_GATE"": 0.20231443407194039, ""JANUS_SYMBOLIC_INTERPRETER"": 0.12312768153269066}","{""archetype"": ""LAPIS_WORLD_REWRITER"", ""archetype_description"": ""stone as world-rewriter: rule-editing generative system, not a passive material"", ""rejected"": false, ""reject_reason"": """", ""boundary"": ""Research vector only, not a synthesis protocol."", ""literal_transmutation_claim"": false, ""elixir_claim"": false, ""hazardous_synthesis_protocol"": false, ""certified_material_claim"": false, ""dangerous_chemistry_instructions"": false, ""demiurge_layer"": true}"
